{
  "type": "FeatureCollection",
  "features": [
    {
      "type": "Feature",
      "properties": {
        "id": "fence1",
        "guid": "6c37c092-c2bc-45a4-aabf-62b2edead770",
        "text": "A-33",
        "external": "<?xml version=\"1.0\"?><ScheduleFenceData xmlns:xsd=\"http://www.w3.org/2001/XMLSchema\" xmlns:xsi=\"http://www.w3.org/2001/XMLSchema-instance\"><Priority>33</Priority><Notes>6.2%</Notes><CampaignType>DNP</CampaignType><Rating>A</Rating></ScheduleFenceData>",
        "fenceType": "ClickPoints",
        "isLocked": false,
        "fill": "#006400",
        "fill-opacity": 0.38,
        "stroke": "#006400"
      },
      "geometry": {
        "type": "Polygon",
        "coordinates": [
          [[-79.48359, 43.94846], [-79.47999, 43.94896], [-79.47613, 43.94698], [-79.47227, 43.9463], [-79.47098, 43.94945], [-79.46875, 43.95059], [-79.4663, 43.95097], [-79.46502, 43.95122], [-79.45661, 43.95286], [-79.45874, 43.96303], [-79.4854, 43.95742], [-79.48359, 43.94846]]
        ]
      }
    },
    {
      "type": "Feature",
      "properties": {
        "id": "fence2",
        "guid": "2f8c6733-4bdc-4100-9d0b-55aaa4ec03a3",
        "text": "A-34",
        "external": "<?xml version=\"1.0\"?><ScheduleFenceData xmlns:xsd=\"http://www.w3.org/2001/XMLSchema\" xmlns:xsi=\"http://www.w3.org/2001/XMLSchema-instance\"><Priority>34</Priority><Notes>6.4%</Notes><CampaignType>DNP</CampaignType><Rating>A</Rating></ScheduleFenceData>",
        "fenceType": "ClickPoints",
        "isLocked": false,
        "fill": "#006400",
        "fill-opacity": 0.38,
        "stroke": "#006400"
      },
      "geometry": {
        "type": "Polygon",
        "coordinates": [
          [[-79.48158, 43.93898], [-79.45485, 43.94455], [-79.45661, 43.95286], [-79.46428, 43.95134], [-79.4663, 43.95096], [-79.46871, 43.95058], [-79.47095, 43.94944], [-79.47223, 43.94625], [-79.47617, 43.94695], [-79.48008, 43.94893], [-79.48357, 43.94843], [-79.48158, 43.93898]]
        ]
      }
    },
    {
      "type": "Feature",
      "properties": {
        "id": "fence3",
        "guid": "382047d1-c5d3-414b-9cc9-1416a15fc08f",
        "text": "A-37",
        "external": "<?xml version=\"1.0\"?><ScheduleFenceData xmlns:xsd=\"http://www.w3.org/2001/XMLSchema\" xmlns:xsi=\"http://www.w3.org/2001/XMLSchema-instance\"><Priority>37</Priority><Notes>4.6%</Notes><CampaignType>DNP</CampaignType><Rating>A</Rating></ScheduleFenceData>",
        "fenceType": "ClickPoints",
        "isLocked": false,
        "fill": "#006400",
        "fill-opacity": 0.38,
        "stroke": "#006400"
      },
      "geometry": {
        "type": "Polygon",
        "coordinates": [
          [[-79.48158, 43.93896], [-79.47827, 43.92652], [-79.45344, 43.93921], [-79.4547, 43.94456], [-79.48158, 43.93896]]
        ]
      }
    },
    {
      "type": "Feature",
      "properties": {
        "id": "fence7",
        "guid": "ef33e7f8-31d3-4566-a47f-27233232d09f",
        "text": "D-?",
        "external": "<?xml version=\"1.0\"?><ScheduleFenceData xmlns:xsd=\"http://www.w3.org/2001/XMLSchema\" xmlns:xsi=\"http://www.w3.org/2001/XMLSchema-instance\"><Priority>-1</Priority><Notes>DO NOT KNOCK</Notes><CampaignType>DNP</CampaignType><Rating>D</Rating></ScheduleFenceData>",
        "fenceType": "ClickPoints",
        "isLocked": false,
        "fill": "#8B0000",
        "fill-opacity": 0.25,
        "stroke": "#8B0000"
      },
      "geometry": {
        "type": "Polygon",
        "coordinates": [
          [[-79.45312, 43.58313], [-79.26601, 43.62738], [-79.29039, 43.68376], [-79.24026, 43.72099], [-79.25743, 43.77952], [-79.21469, 43.79415], [-79.20301, 43.79526], [-79.20422, 43.79762], [-79.20593, 43.80059], [-79.20834, 43.80604], [-79.25142, 43.83651], [-79.35348, 43.81304], [-79.53346, 43.77258], [-79.53621, 43.78349], [-79.56264, 43.77704], [-79.59904, 43.76242], [-79.52213, 43.77184], [-79.50771, 43.72075], [-79.53587, 43.71429], [-79.51947, 43.71678], [-79.5084, 43.71715], [-79.45312, 43.58313]]
        ]
      }
    },
    {
      "type": "Feature",
      "properties": {
        "id": "fence10",
        "guid": "1ec4358b-6dbd-49ce-ab6c-9f7236584cca",
        "text": "A-35",
        "external": "<?xml version=\"1.0\"?><ScheduleFenceData xmlns:xsd=\"http://www.w3.org/2001/XMLSchema\" xmlns:xsi=\"http://www.w3.org/2001/XMLSchema-instance\"><Priority>35</Priority><Notes>6%</Notes><CampaignType>DNP</CampaignType><Rating>A</Rating></ScheduleFenceData>",
        "fenceType": "ClickPoints",
        "isLocked": false,
        "fill": "#006400",
        "fill-opacity": 0.38,
        "stroke": "#006400"
      },
      "geometry": {
        "type": "Polygon",
        "coordinates": [
          [[-79.45535, 43.9469], [-79.45481, 43.94455], [-79.44278, 43.94716], [-79.44167, 43.94927], [-79.44042, 43.95115], [-79.43836, 43.95109], [-79.43167, 43.95186], [-79.43021, 43.95276], [-79.43197, 43.95412], [-79.43523, 43.96786], [-79.45873, 43.96306], [-79.45535, 43.9469]]
        ]
      }
    },
    {
      "type": "Feature",
      "properties": {
        "id": "fence12",
        "guid": "0bebbe13-2eb0-4332-a165-edb1e2991381",
        "text": "A-36",
        "external": "<?xml version=\"1.0\"?><ScheduleFenceData xmlns:xsd=\"http://www.w3.org/2001/XMLSchema\" xmlns:xsi=\"http://www.w3.org/2001/XMLSchema-instance\"><Priority>36</Priority><Notes>3.7%</Notes><CampaignType>DNP</CampaignType><Rating>A</Rating></ScheduleFenceData>",
        "fenceType": "ClickPoints",
        "isLocked": false,
        "fill": "#006400",
        "fill-opacity": 0.38,
        "stroke": "#006400"
      },
      "geometry": {
        "type": "Polygon",
        "coordinates": [
          [[-79.45468, 43.94455], [-79.45343, 43.93922], [-79.45325, 43.93409], [-79.43042, 43.93604], [-79.42463, 43.93851], [-79.42283, 43.94349], [-79.42081, 43.95053], [-79.42107, 43.9518], [-79.45441, 43.94462], [-79.45468, 43.94455]]
        ]
      }
    },
    {
      "type": "Feature",
      "properties": {
        "id": "fence12",
        "guid": "a328d80d-1db2-4162-bc96-c6f19dc20b5d",
        "text": "A-40",
        "external": "<?xml version=\"1.0\"?><ScheduleFenceData xmlns:xsd=\"http://www.w3.org/2001/XMLSchema\" xmlns:xsi=\"http://www.w3.org/2001/XMLSchema-instance\"><Priority>40</Priority><Notes>4.9%</Notes><CampaignType>DNP</CampaignType><Rating>A</Rating></ScheduleFenceData>",
        "fenceType": "ClickPoints",
        "isLocked": false,
        "fill": "#006400",
        "fill-opacity": 0.38,
        "stroke": "#006400"
      },
      "geometry": {
        "type": "Polygon",
        "coordinates": [
          [[-79.44573, 43.9078], [-79.42802, 43.91165], [-79.4242, 43.91103], [-79.42639, 43.92127], [-79.44416, 43.91771], [-79.44368, 43.91623], [-79.44729, 43.91545], [-79.4481, 43.91706], [-79.44573, 43.9078]]
        ]
      }
    },
    {
      "type": "Feature",
      "properties": {
        "id": "fence12",
        "guid": "21de4cb2-6134-42b9-945e-7ded880dbdef",
        "text": "D-41",
        "external": "<?xml version=\"1.0\"?><ScheduleFenceData xmlns:xsd=\"http://www.w3.org/2001/XMLSchema\" xmlns:xsi=\"http://www.w3.org/2001/XMLSchema-instance\"><Priority>41</Priority><Notes>large lots/spread out</Notes><CampaignType>DNP</CampaignType><Rating>D</Rating></ScheduleFenceData>",
        "fenceType": "ClickPoints",
        "isLocked": false,
        "fill": "#8B0000",
        "fill-opacity": 0.25,
        "stroke": "#8B0000"
      },
      "geometry": {
        "type": "Polygon",
        "coordinates": [
          [[-79.42703, 43.9225], [-79.42643, 43.92182], [-79.42416, 43.91103], [-79.40412, 43.91539], [-79.40274, 43.91638], [-79.40017, 43.91657], [-79.40523, 43.93592], [-79.42883, 43.93128], [-79.42703, 43.9225]]
        ]
      }
    },
    {
      "type": "Feature",
      "properties": {
        "id": "fence13",
        "guid": "cb2d4b15-85b0-4e09-9315-e84227c3f2af",
        "text": "A-46",
        "external": "<?xml version=\"1.0\"?><ScheduleFenceData xmlns:xsd=\"http://www.w3.org/2001/XMLSchema\" xmlns:xsi=\"http://www.w3.org/2001/XMLSchema-instance\"><Priority>46</Priority><Notes>3.7%</Notes><CampaignType>DNP</CampaignType><Rating>A</Rating></ScheduleFenceData>",
        "fenceType": "ClickPoints",
        "isLocked": false,
        "fill": "#006400",
        "fill-opacity": 0.38,
        "stroke": "#006400"
      },
      "geometry": {
        "type": "Polygon",
        "coordinates": [
          [[-79.47164, 43.90085], [-79.46748, 43.88421], [-79.4416, 43.88961], [-79.44344, 43.89054], [-79.44622, 43.89189], [-79.44761, 43.89444], [-79.44877, 43.89494], [-79.45167, 43.8956], [-79.45212, 43.89687], [-79.46076, 43.89955], [-79.46727, 43.90111], [-79.47164, 43.90085]]
        ]
      }
    },
    {
      "type": "Feature",
      "properties": {
        "id": "fence12",
        "guid": "e4d54bc5-142b-4887-9d86-b30c02ad1356",
        "text": "A-44",
        "external": "<?xml version=\"1.0\"?><ScheduleFenceData xmlns:xsd=\"http://www.w3.org/2001/XMLSchema\" xmlns:xsi=\"http://www.w3.org/2001/XMLSchema-instance\"><Priority>44</Priority><Notes>4%</Notes><CampaignType>DNP</CampaignType><Rating>A</Rating></ScheduleFenceData>",
        "fenceType": "ClickPoints",
        "isLocked": false,
        "fill": "#006400",
        "fill-opacity": 0.38,
        "stroke": "#006400"
      },
      "geometry": {
        "type": "Polygon",
        "coordinates": [
          [[-79.44158, 43.88962], [-79.43364, 43.8914], [-79.42714, 43.91145], [-79.428, 43.91159], [-79.44581, 43.90773], [-79.44158, 43.88962]]
        ]
      }
    },
    {
      "type": "Feature",
      "properties": {
        "id": "fence15",
        "guid": "ac56e815-639e-4161-840f-72bb2f9473e7",
        "text": "A-250",
        "external": "<?xml version=\"1.0\"?><ScheduleFenceData xmlns:xsd=\"http://www.w3.org/2001/XMLSchema\" xmlns:xsi=\"http://www.w3.org/2001/XMLSchema-instance\"><Priority>250</Priority><Notes>3.6%</Notes><CampaignType>DNP</CampaignType><Rating>A</Rating></ScheduleFenceData>",
        "fenceType": "ClickPoints",
        "isLocked": false,
        "fill": "#006400",
        "fill-opacity": 0.38,
        "stroke": "#006400"
      },
      "geometry": {
        "type": "Polygon",
        "coordinates": [
          [[-79.23314, 43.87036], [-79.23134, 43.86684], [-79.23057, 43.86504], [-79.22692, 43.86402], [-79.22434, 43.86108], [-79.22353, 43.85879], [-79.21881, 43.85684], [-79.20876, 43.86795], [-79.211, 43.87531], [-79.23314, 43.87036]]
        ]
      }
    },
    {
      "type": "Feature",
      "properties": {
        "id": "fence15",
        "guid": "d7d7ca7f-8713-45b7-baab-cd0793ccfb05",
        "text": "A-251",
        "external": "<?xml version=\"1.0\"?><ScheduleFenceData xmlns:xsd=\"http://www.w3.org/2001/XMLSchema\" xmlns:xsi=\"http://www.w3.org/2001/XMLSchema-instance\"><Priority>251</Priority><Notes>6.5%</Notes><CampaignType>DNP</CampaignType><Rating>A</Rating></ScheduleFenceData>",
        "fenceType": "ClickPoints",
        "isLocked": false,
        "fill": "#006400",
        "fill-opacity": 0.38,
        "stroke": "#006400"
      },
      "geometry": {
        "type": "Polygon",
        "coordinates": [
          [[-79.24786, 43.86659], [-79.24207, 43.85895], [-79.23366, 43.8591], [-79.23306, 43.85557], [-79.23782, 43.85013], [-79.22722, 43.84654], [-79.21889, 43.85678], [-79.2237, 43.85876], [-79.22443, 43.86108], [-79.22696, 43.86396], [-79.23069, 43.86498], [-79.23147, 43.86681], [-79.23331, 43.87036], [-79.24786, 43.86659]]
        ]
      }
    },
    {
      "type": "Feature",
      "properties": {
        "id": "fence16",
        "guid": "b513f8e1-e84b-4aa5-899e-149ddd631f63",
        "text": "A-252",
        "external": "<?xml version=\"1.0\"?><ScheduleFenceData xmlns:xsd=\"http://www.w3.org/2001/XMLSchema\" xmlns:xsi=\"http://www.w3.org/2001/XMLSchema-instance\"><Priority>252</Priority><Notes>7%</Notes><CampaignType>DNP</CampaignType><Rating>A</Rating></ScheduleFenceData>",
        "fenceType": "ClickPoints",
        "isLocked": false,
        "fill": "#006400",
        "fill-opacity": 0.38,
        "stroke": "#006400"
      },
      "geometry": {
        "type": "Polygon",
        "coordinates": [
          [[-79.25726, 43.86346], [-79.25567, 43.85613], [-79.23782, 43.85019], [-79.23311, 43.85557], [-79.2337, 43.85901], [-79.2422, 43.85888], [-79.24799, 43.86653], [-79.25726, 43.86346]]
        ]
      }
    },
    {
      "type": "Feature",
      "properties": {
        "id": "fence17",
        "guid": "f7438360-5440-47fb-8bcc-67495af55427",
        "text": "A-45",
        "external": "<?xml version=\"1.0\"?><ScheduleFenceData xmlns:xsd=\"http://www.w3.org/2001/XMLSchema\" xmlns:xsi=\"http://www.w3.org/2001/XMLSchema-instance\"><Priority>45</Priority><Notes>3.1%</Notes><CampaignType>DNP</CampaignType><Rating>A</Rating></ScheduleFenceData>",
        "fenceType": "ClickPoints",
        "isLocked": false,
        "fill": "#006400",
        "fill-opacity": 0.38,
        "stroke": "#006400"
      },
      "geometry": {
        "type": "Polygon",
        "coordinates": [
          [[-79.47184, 43.90233], [-79.47166, 43.90089], [-79.46729, 43.90114], [-79.46072, 43.89956], [-79.4521, 43.8969], [-79.45164, 43.89562], [-79.44879, 43.89499], [-79.44759, 43.89446], [-79.44617, 43.89192], [-79.44347, 43.89059], [-79.44165, 43.88968], [-79.44583, 43.90773], [-79.47184, 43.90233]]
        ]
      }
    },
    {
      "type": "Feature",
      "properties": {
        "id": "fence18",
        "guid": "42744d3b-88fc-4b34-a1ab-b78a94e5696e",
        "text": "B-43",
        "external": "<?xml version=\"1.0\"?><ScheduleFenceData xmlns:xsd=\"http://www.w3.org/2001/XMLSchema\" xmlns:xsi=\"http://www.w3.org/2001/XMLSchema-instance\"><Priority>43</Priority><Notes>3.2%</Notes><CampaignType>DNP</CampaignType><Rating>B</Rating></ScheduleFenceData>",
        "fenceType": "ClickPoints",
        "isLocked": false,
        "fill": "#008080",
        "fill-opacity": 0.25,
        "stroke": "#008080"
      },
      "geometry": {
        "type": "Polygon",
        "coordinates": [
          [[-79.42411, 43.91094], [-79.42705, 43.91145], [-79.43356, 43.89141], [-79.42235, 43.89369], [-79.41978, 43.89353], [-79.42411, 43.91094]]
        ]
      }
    },
    {
      "type": "Feature",
      "properties": {
        "id": "fence17",
        "guid": "4e298e5b-5a8c-4ac5-8064-325605ec867c",
        "text": "C-42",
        "external": "<?xml version=\"1.0\"?><ScheduleFenceData xmlns:xsd=\"http://www.w3.org/2001/XMLSchema\" xmlns:xsi=\"http://www.w3.org/2001/XMLSchema-instance\"><Priority>42</Priority><CampaignType>DNP</CampaignType><Rating>C</Rating></ScheduleFenceData>",
        "fenceType": "ClickPoints",
        "isLocked": false,
        "fill": "#FA8072",
        "fill-opacity": 0.25,
        "stroke": "#FA8072"
      },
      "geometry": {
        "type": "Polygon",
        "coordinates": [
          [[-79.40012, 43.91647], [-79.40261, 43.91635], [-79.40416, 43.91527], [-79.42399, 43.911], [-79.41961, 43.89356], [-79.41819, 43.89353], [-79.39656, 43.89851], [-79.3842, 43.90148], [-79.38854, 43.9191], [-79.40012, 43.91647]]
        ]
      }
    },
    {
      "type": "Feature",
      "properties": {
        "id": "fence18",
        "guid": "551d6642-cb85-442b-898f-632121e6dfc2",
        "text": "C-32",
        "external": "<?xml version=\"1.0\"?><ScheduleFenceData xmlns:xsd=\"http://www.w3.org/2001/XMLSchema\" xmlns:xsi=\"http://www.w3.org/2001/XMLSchema-instance\"><Priority>32</Priority><CampaignType>DNP</CampaignType><Rating>C</Rating></ScheduleFenceData>",
        "fenceType": "ClickPoints",
        "isLocked": false,
        "fill": "#FA8072",
        "fill-opacity": 0.25,
        "stroke": "#FA8072"
      },
      "geometry": {
        "type": "Polygon",
        "coordinates": [
          [[-79.55011, 43.90482], [-79.55368, 43.92736], [-79.52857, 43.93196], [-79.52273, 43.93289], [-79.50617, 43.93833], [-79.50909, 43.95254], [-79.55904, 43.94253], [-79.55011, 43.90482]]
        ]
      }
    },
    {
      "type": "Feature",
      "properties": {
        "id": "fence19",
        "guid": "e9c130e5-6bb2-4580-b09b-25b22e3db710",
        "text": "A-31",
        "external": "<?xml version=\"1.0\"?><ScheduleFenceData xmlns:xsd=\"http://www.w3.org/2001/XMLSchema\" xmlns:xsi=\"http://www.w3.org/2001/XMLSchema-instance\"><Priority>31</Priority><Notes>16.7%</Notes><CampaignType>DNP</CampaignType><Rating>A</Rating></ScheduleFenceData>",
        "fenceType": "ClickPoints",
        "isLocked": false,
        "fill": "#006400",
        "fill-opacity": 0.38,
        "stroke": "#006400"
      },
      "geometry": {
        "type": "Polygon",
        "coordinates": [
          [[-79.51252, 43.9131], [-79.51235, 43.90538], [-79.50291, 43.87705], [-79.49175, 43.87977], [-79.50068, 43.91583], [-79.51252, 43.9131]]
        ]
      }
    },
    {
      "type": "Feature",
      "properties": {
        "id": "fence20",
        "guid": "58156f8a-15db-4ed5-a9ac-6b1c282fef86",
        "text": "A-47",
        "external": "<?xml version=\"1.0\"?><ScheduleFenceData xmlns:xsd=\"http://www.w3.org/2001/XMLSchema\" xmlns:xsi=\"http://www.w3.org/2001/XMLSchema-instance\"><Priority>47</Priority><Notes>5.5%</Notes><CampaignType>DNP</CampaignType><Rating>A</Rating></ScheduleFenceData>",
        "fenceType": "ClickPoints",
        "isLocked": false,
        "fill": "#006400",
        "fill-opacity": 0.38,
        "stroke": "#006400"
      },
      "geometry": {
        "type": "Polygon",
        "coordinates": [
          [[-79.49183, 43.8794], [-79.48754, 43.86127], [-79.46274, 43.86585], [-79.46506, 43.87476], [-79.47244, 43.87742], [-79.47802, 43.88187], [-79.49183, 43.8794]]
        ]
      }
    },
    {
      "type": "Feature",
      "properties": {
        "id": "fence21",
        "guid": "aa9ec668-0262-4c5a-baf0-eef7b05b8b52",
        "text": "A-48",
        "external": "<?xml version=\"1.0\"?><ScheduleFenceData xmlns:xsd=\"http://www.w3.org/2001/XMLSchema\" xmlns:xsi=\"http://www.w3.org/2001/XMLSchema-instance\"><Priority>48</Priority><Notes>5.9%</Notes><CampaignType>DNP</CampaignType><Rating>A</Rating></ScheduleFenceData>",
        "fenceType": "ClickPoints",
        "isLocked": false,
        "fill": "#006400",
        "fill-opacity": 0.38,
        "stroke": "#006400"
      },
      "geometry": {
        "type": "Polygon",
        "coordinates": [
          [[-79.44901, 43.86866], [-79.45102, 43.87401], [-79.45137, 43.87609], [-79.45767, 43.88011], [-79.45823, 43.88203], [-79.45922, 43.88246], [-79.45995, 43.8821], [-79.46128, 43.88283], [-79.46433, 43.88481], [-79.47784, 43.88206], [-79.47239, 43.87757], [-79.46493, 43.87482], [-79.46261, 43.86594], [-79.44901, 43.86866]]
        ]
      }
    },
    {
      "type": "Feature",
      "properties": {
        "id": "fence22",
        "guid": "c07466bb-a3e5-48a1-bcbb-2db2b51e38a4",
        "text": "A-49",
        "external": "<?xml version=\"1.0\"?><ScheduleFenceData xmlns:xsd=\"http://www.w3.org/2001/XMLSchema\" xmlns:xsi=\"http://www.w3.org/2001/XMLSchema-instance\"><Priority>49</Priority><Notes>4.9%</Notes><CampaignType>DNP</CampaignType><Rating>A</Rating></ScheduleFenceData>",
        "fenceType": "ClickPoints",
        "isLocked": false,
        "fill": "#006400",
        "fill-opacity": 0.38,
        "stroke": "#006400"
      },
      "geometry": {
        "type": "Polygon",
        "coordinates": [
          [[-79.43879, 43.87719], [-79.43954, 43.88022], [-79.44454, 43.87935], [-79.4451, 43.88162], [-79.44216, 43.88215], [-79.44291, 43.88521], [-79.4408, 43.88615], [-79.44154, 43.88959], [-79.46424, 43.88481], [-79.46119, 43.88286], [-79.45995, 43.88215], [-79.45913, 43.88255], [-79.4581, 43.88206], [-79.45759, 43.88014], [-79.4513, 43.8761], [-79.45089, 43.87494], [-79.43879, 43.87719]]
        ]
      }
    },
    {
      "type": "Feature",
      "properties": {
        "id": "fence23",
        "guid": "fa649c2c-f476-47c0-a360-c5fe4492bbb1",
        "text": "B-50",
        "external": "<?xml version=\"1.0\"?><ScheduleFenceData xmlns:xsd=\"http://www.w3.org/2001/XMLSchema\" xmlns:xsi=\"http://www.w3.org/2001/XMLSchema-instance\"><Priority>50</Priority><Notes>1.7%</Notes><CampaignType>DNP</CampaignType><Rating>B</Rating></ScheduleFenceData>",
        "fenceType": "ClickPoints",
        "isLocked": false,
        "fill": "#008080",
        "fill-opacity": 0.25,
        "stroke": "#008080"
      },
      "geometry": {
        "type": "Polygon",
        "coordinates": [
          [[-79.42617, 43.87383], [-79.42832, 43.87717], [-79.43064, 43.88076], [-79.43192, 43.882], [-79.43424, 43.88639], [-79.43356, 43.89121], [-79.44145, 43.88954], [-79.43699, 43.87129], [-79.42755, 43.87346], [-79.42617, 43.87383]]
        ]
      }
    },
    {
      "type": "Feature",
      "properties": {
        "id": "fence24",
        "guid": "9032166e-42b7-4aac-abad-f3be2f44cc52",
        "text": "B-51",
        "external": "<?xml version=\"1.0\"?><ScheduleFenceData xmlns:xsd=\"http://www.w3.org/2001/XMLSchema\" xmlns:xsi=\"http://www.w3.org/2001/XMLSchema-instance\"><Priority>51</Priority><Notes>1.8%</Notes><CampaignType>DNP</CampaignType><Rating>B</Rating></ScheduleFenceData>",
        "fenceType": "ClickPoints",
        "isLocked": false,
        "fill": "#008080",
        "fill-opacity": 0.25,
        "stroke": "#008080"
      },
      "geometry": {
        "type": "Polygon",
        "coordinates": [
          [[-79.41545, 43.87599], [-79.41982, 43.89338], [-79.4224, 43.8935], [-79.43338, 43.89134], [-79.43398, 43.88651], [-79.43184, 43.88218], [-79.43038, 43.88063], [-79.42806, 43.87736], [-79.426, 43.87377], [-79.41639, 43.87581], [-79.41545, 43.87599]]
        ]
      }
    },
    {
      "type": "Feature",
      "properties": {
        "id": "fence25",
        "guid": "5bc2bb7c-7a9f-442e-a1c8-d4846b4aa68c",
        "text": "B-52",
        "external": "<?xml version=\"1.0\"?><ScheduleFenceData xmlns:xsd=\"http://www.w3.org/2001/XMLSchema\" xmlns:xsi=\"http://www.w3.org/2001/XMLSchema-instance\"><Priority>52</Priority><Notes>1.5%</Notes><CampaignType>DNP</CampaignType><Rating>B</Rating></ScheduleFenceData>",
        "fenceType": "ClickPoints",
        "isLocked": false,
        "fill": "#008080",
        "fill-opacity": 0.25,
        "stroke": "#008080"
      },
      "geometry": {
        "type": "Polygon",
        "coordinates": [
          [[-79.41802, 43.89338], [-79.41965, 43.89325], [-79.41519, 43.87612], [-79.41399, 43.8763], [-79.41072, 43.87612], [-79.40036, 43.87835], [-79.40291, 43.88416], [-79.40688, 43.88568], [-79.40784, 43.88768], [-79.40902, 43.88982], [-79.41214, 43.89138], [-79.41285, 43.89465], [-79.41802, 43.89338]]
        ]
      }
    },
    {
      "type": "Feature",
      "properties": {
        "id": "fence26",
        "guid": "3f22f813-ed94-4dc2-8f26-f9e0b69b2517",
        "text": "B-53",
        "external": "<?xml version=\"1.0\"?><ScheduleFenceData xmlns:xsd=\"http://www.w3.org/2001/XMLSchema\" xmlns:xsi=\"http://www.w3.org/2001/XMLSchema-instance\"><Priority>53</Priority><Notes>1.5%</Notes><CampaignType>DNP</CampaignType><Rating>B</Rating></ScheduleFenceData>",
        "fenceType": "ClickPoints",
        "isLocked": false,
        "fill": "#008080",
        "fill-opacity": 0.25,
        "stroke": "#008080"
      },
      "geometry": {
        "type": "Polygon",
        "coordinates": [
          [[-79.37983, 43.88317], [-79.38429, 43.90129], [-79.4127, 43.89468], [-79.4121, 43.8914], [-79.40897, 43.88982], [-79.40781, 43.88769], [-79.40686, 43.88571], [-79.40287, 43.88419], [-79.40034, 43.87838], [-79.37983, 43.88317]]
        ]
      }
    },
    {
      "type": "Feature",
      "properties": {
        "id": "fence28",
        "guid": "23e93545-f7d9-410d-9186-102088ea7bee",
        "text": "A-28",
        "external": "<?xml version=\"1.0\"?><ScheduleFenceData xmlns:xsd=\"http://www.w3.org/2001/XMLSchema\" xmlns:xsi=\"http://www.w3.org/2001/XMLSchema-instance\"><Priority>28</Priority><Notes>4.7%</Notes><CampaignType>DNP</CampaignType><Rating>A</Rating></ScheduleFenceData>",
        "fenceType": "ClickPoints",
        "isLocked": false,
        "fill": "#006400",
        "fill-opacity": 0.38,
        "stroke": "#006400"
      },
      "geometry": {
        "type": "Polygon",
        "coordinates": [
          [[-79.50836, 43.83793], [-79.5081, 43.83669], [-79.50587, 43.83688], [-79.50188, 43.83861], [-79.49844, 43.83954], [-79.4987, 43.84109], [-79.49922, 43.84462], [-79.50248, 43.84997], [-79.50394, 43.85229], [-79.50525, 43.854], [-79.50662, 43.8568], [-79.50896, 43.85625], [-79.51089, 43.85567], [-79.51248, 43.8548], [-79.50836, 43.83793]]
        ]
      }
    },
    {
      "type": "Feature",
      "properties": {
        "id": "fence28",
        "guid": "aa3c2db4-e2a8-4e8e-9604-f8490119ab18",
        "text": "A-29",
        "external": "<?xml version=\"1.0\"?><ScheduleFenceData xmlns:xsd=\"http://www.w3.org/2001/XMLSchema\" xmlns:xsi=\"http://www.w3.org/2001/XMLSchema-instance\"><Priority>29</Priority><Notes>4.2%</Notes><CampaignType>DNP</CampaignType><Rating>A</Rating></ScheduleFenceData>",
        "fenceType": "ClickPoints",
        "isLocked": false,
        "fill": "#006400",
        "fill-opacity": 0.38,
        "stroke": "#006400"
      },
      "geometry": {
        "type": "Polygon",
        "coordinates": [
          [[-79.50651, 43.85687], [-79.50514, 43.8539], [-79.50381, 43.85229], [-79.50243, 43.85], [-79.49909, 43.84465], [-79.49819, 43.83963], [-79.48325, 43.84254], [-79.48591, 43.85434], [-79.48759, 43.86117], [-79.49887, 43.85853], [-79.50651, 43.85687]]
        ]
      }
    },
    {
      "type": "Feature",
      "properties": {
        "id": "fence29",
        "guid": "a202521d-e543-428f-8ede-25c14d1e7f4b",
        "text": "A-5",
        "external": "<?xml version=\"1.0\"?><ScheduleFenceData xmlns:xsd=\"http://www.w3.org/2001/XMLSchema\" xmlns:xsi=\"http://www.w3.org/2001/XMLSchema-instance\"><Priority>5</Priority><Notes>3.9%</Notes><CampaignType>DNP</CampaignType><Rating>A</Rating></ScheduleFenceData>",
        "fenceType": "ClickPoints",
        "isLocked": false,
        "fill": "#006400",
        "fill-opacity": 0.38,
        "stroke": "#006400"
      },
      "geometry": {
        "type": "Polygon",
        "coordinates": [
          [[-79.62625, 43.79153], [-79.62161, 43.77302], [-79.60256, 43.77742], [-79.60393, 43.78101], [-79.61054, 43.77996], [-79.61569, 43.77906], [-79.61624, 43.79388], [-79.62625, 43.79153]]
        ]
      }
    },
    {
      "type": "Feature",
      "properties": {
        "id": "fence30",
        "guid": "23aa8ae2-0a38-4d9e-aea0-66597e2a77e0",
        "text": "A-4",
        "external": "<?xml version=\"1.0\"?><ScheduleFenceData xmlns:xsd=\"http://www.w3.org/2001/XMLSchema\" xmlns:xsi=\"http://www.w3.org/2001/XMLSchema-instance\"><Priority>4</Priority><Notes>4.3%</Notes><CampaignType>DNP</CampaignType><Rating>A</Rating></ScheduleFenceData>",
        "fenceType": "ClickPoints",
        "isLocked": false,
        "fill": "#006400",
        "fill-opacity": 0.38,
        "stroke": "#006400"
      },
      "geometry": {
        "type": "Polygon",
        "coordinates": [
          [[-79.59728, 43.77867], [-79.60088, 43.79402], [-79.60026, 43.79873], [-79.60822, 43.79576], [-79.61622, 43.79388], [-79.6156, 43.77909], [-79.61058, 43.78002], [-79.60393, 43.78107], [-79.60247, 43.77745], [-79.59728, 43.77867]]
        ]
      }
    },
    {
      "type": "Feature",
      "properties": {
        "id": "fence31",
        "guid": "5e603079-73b7-4603-9869-e0c3ecc84789",
        "text": "A-6",
        "external": "<?xml version=\"1.0\"?><ScheduleFenceData xmlns:xsd=\"http://www.w3.org/2001/XMLSchema\" xmlns:xsi=\"http://www.w3.org/2001/XMLSchema-instance\"><Priority>6</Priority><Notes>5.1%</Notes><CampaignType>DNP</CampaignType><Rating>A</Rating></ScheduleFenceData>",
        "fenceType": "ClickPoints",
        "isLocked": false,
        "fill": "#006400",
        "fill-opacity": 0.38,
        "stroke": "#006400"
      },
      "geometry": {
        "type": "Polygon",
        "coordinates": [
          [[-79.62899, 43.81093], [-79.62899, 43.80183], [-79.62622, 43.79156], [-79.60835, 43.79576], [-79.61047, 43.79909], [-79.62513, 43.81248], [-79.62899, 43.81093]]
        ]
      }
    },
    {
      "type": "Feature",
      "properties": {
        "id": "fence34",
        "guid": "b946b57b-f474-4e77-8c51-4a81ad7dbc88",
        "text": "A-3",
        "external": "<?xml version=\"1.0\"?><ScheduleFenceData xmlns:xsd=\"http://www.w3.org/2001/XMLSchema\" xmlns:xsi=\"http://www.w3.org/2001/XMLSchema-instance\"><Priority>3</Priority><Notes>5%</Notes><CampaignType>DNP</CampaignType><Rating>A</Rating></ScheduleFenceData>",
        "fenceType": "ClickPoints",
        "isLocked": false,
        "fill": "#006400",
        "fill-opacity": 0.38,
        "stroke": "#006400"
      },
      "geometry": {
        "type": "Polygon",
        "coordinates": [
          [[-79.59279, 43.79988], [-79.60015, 43.79878], [-79.60084, 43.79404], [-79.59898, 43.78603], [-79.59726, 43.77871], [-79.58934, 43.7807], [-79.57904, 43.7706], [-79.57054, 43.77407], [-79.57415, 43.78863], [-79.57475, 43.7908], [-79.57573, 43.79473], [-79.57736, 43.80068], [-79.57762, 43.80251], [-79.57942, 43.80239], [-79.58161, 43.8039], [-79.58488, 43.8035], [-79.58711, 43.80712], [-79.59359, 43.8057], [-79.59279, 43.79988]]
        ]
      }
    },
    {
      "type": "Feature",
      "properties": {
        "id": "fence35",
        "guid": "de61519b-fde1-4411-a441-a2b98d84e037",
        "text": "B-9",
        "external": "<?xml version=\"1.0\"?><ScheduleFenceData xmlns:xsd=\"http://www.w3.org/2001/XMLSchema\" xmlns:xsi=\"http://www.w3.org/2001/XMLSchema-instance\"><Priority>9</Priority><Notes>3%</Notes><CampaignType>DNP</CampaignType><Rating>B</Rating></ScheduleFenceData>",
        "fenceType": "ClickPoints",
        "isLocked": false,
        "fill": "#008080",
        "fill-opacity": 0.25,
        "stroke": "#008080"
      },
      "geometry": {
        "type": "Polygon",
        "coordinates": [
          [[-79.60017, 43.81702], [-79.6035, 43.81911], [-79.60687, 43.82182], [-79.61056, 43.82061], [-79.61286, 43.82036], [-79.61723, 43.81933], [-79.6208, 43.81855], [-79.62539, 43.81747], [-79.6259, 43.81713], [-79.6247, 43.81496], [-79.62414, 43.81273], [-79.62199, 43.81266], [-79.62023, 43.8125], [-79.6164, 43.81336], [-79.61393, 43.81392], [-79.60017, 43.81702]]
        ]
      }
    },
    {
      "type": "Feature",
      "properties": {
        "id": "fence35",
        "guid": "c157890f-7b74-4c85-8e5d-ce72155005e8",
        "text": "A-10",
        "external": "<?xml version=\"1.0\"?><ScheduleFenceData xmlns:xsd=\"http://www.w3.org/2001/XMLSchema\" xmlns:xsi=\"http://www.w3.org/2001/XMLSchema-instance\"><Priority>10</Priority><Notes>3.5%</Notes><CampaignType>DNP</CampaignType><Rating>A</Rating></ScheduleFenceData>",
        "fenceType": "ClickPoints",
        "isLocked": false,
        "fill": "#006400",
        "fill-opacity": 0.38,
        "stroke": "#006400"
      },
      "geometry": {
        "type": "Polygon",
        "coordinates": [
          [[-79.60814, 43.82518], [-79.60824, 43.82566], [-79.60854, 43.82694], [-79.60899, 43.82875], [-79.60942, 43.83066], [-79.61191, 43.83378], [-79.61764, 43.83253], [-79.61964, 43.83159], [-79.62114, 43.83025], [-79.62277, 43.82843], [-79.62663, 43.82465], [-79.62959, 43.82174], [-79.62869, 43.8184], [-79.62567, 43.81748], [-79.62056, 43.81866], [-79.61629, 43.81967], [-79.61298, 43.82038], [-79.61007, 43.82081], [-79.60749, 43.82162], [-79.60689, 43.8219], [-79.60814, 43.82518]]
        ]
      }
    },
    {
      "type": "Feature",
      "properties": {
        "id": "fence36",
        "guid": "07c14a71-80b2-41f9-aa08-e60cb73ba287",
        "text": "B-22",
        "external": "<?xml version=\"1.0\"?><ScheduleFenceData xmlns:xsd=\"http://www.w3.org/2001/XMLSchema\" xmlns:xsi=\"http://www.w3.org/2001/XMLSchema-instance\"><Priority>22</Priority><Notes>1.6%</Notes><CampaignType>DNP</CampaignType><Rating>B</Rating></ScheduleFenceData>",
        "fenceType": "ClickPoints",
        "isLocked": false,
        "fill": "#008080",
        "fill-opacity": 0.25,
        "stroke": "#008080"
      },
      "geometry": {
        "type": "Polygon",
        "coordinates": [
          [[-79.55247, 43.863], [-79.54857, 43.84728], [-79.54144, 43.84802], [-79.53672, 43.84938], [-79.54029, 43.86501], [-79.5432, 43.86445], [-79.54608, 43.86405], [-79.55247, 43.863]]
        ]
      }
    },
    {
      "type": "Feature",
      "properties": {
        "id": "fence38",
        "guid": "068fd721-51b2-4e33-892b-eb873c6a6ac5",
        "text": "A-17",
        "external": "<?xml version=\"1.0\"?><ScheduleFenceData xmlns:xsd=\"http://www.w3.org/2001/XMLSchema\" xmlns:xsi=\"http://www.w3.org/2001/XMLSchema-instance\"><Priority>17</Priority><Notes>10% w/ new builds</Notes><CampaignType>DNP</CampaignType><Rating>A</Rating></ScheduleFenceData>",
        "fenceType": "ClickPoints",
        "isLocked": false,
        "fill": "#006400",
        "fill-opacity": 0.38,
        "stroke": "#006400"
      },
      "geometry": {
        "type": "Polygon",
        "coordinates": [
          [[-79.56041, 43.84493], [-79.56479, 43.86312], [-79.58625, 43.85898], [-79.58307, 43.84524], [-79.57689, 43.84635], [-79.57535, 43.84208], [-79.56041, 43.84493]]
        ]
      }
    },
    {
      "type": "Feature",
      "properties": {
        "id": "fence39",
        "guid": "e0bee98c-10e6-4ae1-85e9-376fafcbd456",
        "text": "B-19",
        "external": "<?xml version=\"1.0\"?><ScheduleFenceData xmlns:xsd=\"http://www.w3.org/2001/XMLSchema\" xmlns:xsi=\"http://www.w3.org/2001/XMLSchema-instance\"><Priority>19</Priority><Notes>3.4%</Notes><CampaignType>DNP</CampaignType><Rating>B</Rating></ScheduleFenceData>",
        "fenceType": "ClickPoints",
        "isLocked": false,
        "fill": "#008080",
        "fill-opacity": 0.25,
        "stroke": "#008080"
      },
      "geometry": {
        "type": "Polygon",
        "coordinates": [
          [[-79.54634, 43.82815], [-79.54848, 43.84685], [-79.55505, 43.84567], [-79.5581, 43.84517], [-79.56084, 43.84474], [-79.55612, 43.82617], [-79.55329, 43.82648], [-79.54634, 43.82815]]
        ]
      }
    },
    {
      "type": "Feature",
      "properties": {
        "id": "fence40",
        "guid": "80e0a262-a0b8-4ea7-995d-21067f95c5ee",
        "text": "A-18",
        "external": "<?xml version=\"1.0\"?><ScheduleFenceData xmlns:xsd=\"http://www.w3.org/2001/XMLSchema\" xmlns:xsi=\"http://www.w3.org/2001/XMLSchema-instance\"><Priority>18</Priority><Notes>4.1%</Notes><CampaignType>DNP</CampaignType><Rating>A</Rating></ScheduleFenceData>",
        "fenceType": "ClickPoints",
        "isLocked": false,
        "fill": "#006400",
        "fill-opacity": 0.38,
        "stroke": "#006400"
      },
      "geometry": {
        "type": "Polygon",
        "coordinates": [
          [[-79.58453, 43.83261], [-79.57878, 43.83385], [-79.56232, 43.83369], [-79.55835, 43.83446], [-79.56101, 43.84468], [-79.58642, 43.83979], [-79.58453, 43.83261]]
        ]
      }
    },
    {
      "type": "Feature",
      "properties": {
        "id": "fence41",
        "guid": "792a9674-7193-4f9d-a288-9b6a87e17ab1",
        "text": "A-20",
        "external": "<?xml version=\"1.0\"?><ScheduleFenceData xmlns:xsd=\"http://www.w3.org/2001/XMLSchema\" xmlns:xsi=\"http://www.w3.org/2001/XMLSchema-instance\"><Priority>20</Priority><Notes>3.7%</Notes><CampaignType>DNP</CampaignType><Rating>A</Rating></ScheduleFenceData>",
        "fenceType": "ClickPoints",
        "isLocked": false,
        "fill": "#006400",
        "fill-opacity": 0.38,
        "stroke": "#006400"
      },
      "geometry": {
        "type": "Polygon",
        "coordinates": [
          [[-79.5823, 43.82115], [-79.55844, 43.82592], [-79.55629, 43.82611], [-79.55825, 43.83437], [-79.5623, 43.83364], [-79.57895, 43.83372], [-79.5847, 43.83242], [-79.5823, 43.82115]]
        ]
      }
    },
    {
      "type": "Feature",
      "properties": {
        "id": "fence43",
        "guid": "85907c48-95b3-4c46-905d-c828fbd8ebac",
        "text": "A-252",
        "external": "<?xml version=\"1.0\"?><ScheduleFenceData xmlns:xsd=\"http://www.w3.org/2001/XMLSchema\" xmlns:xsi=\"http://www.w3.org/2001/XMLSchema-instance\"><Priority>252</Priority><Notes>5.4%</Notes><CampaignType>DNP</CampaignType><Rating>A</Rating></ScheduleFenceData>",
        "fenceType": "ClickPoints",
        "isLocked": false,
        "fill": "#006400",
        "fill-opacity": 0.38,
        "stroke": "#006400"
      },
      "geometry": {
        "type": "Polygon",
        "coordinates": [
          [[-79.00762, 43.89412], [-79.01672, 43.89202], [-79.02281, 43.88762], [-79.02586, 43.88676], [-79.02496, 43.88531], [-79.02346, 43.88453], [-79.01981, 43.88367], [-79.01891, 43.88159], [-79.01196, 43.86436], [-78.99612, 43.86798], [-79.00762, 43.89412]]
        ]
      }
    },
    {
      "type": "Feature",
      "properties": {
        "id": "fence44",
        "guid": "392a9426-097d-41c4-83fb-02cfc30024ae",
        "text": "A-154",
        "external": "<?xml version=\"1.0\"?><ScheduleFenceData xmlns:xsd=\"http://www.w3.org/2001/XMLSchema\" xmlns:xsi=\"http://www.w3.org/2001/XMLSchema-instance\"><Priority>154</Priority><Notes>8.9% NEW BUILDS</Notes><CampaignType>DNP</CampaignType><Rating>A</Rating></ScheduleFenceData>",
        "fenceType": "ClickPoints",
        "isLocked": false,
        "fill": "#006400",
        "fill-opacity": 0.38,
        "stroke": "#006400"
      },
      "geometry": {
        "type": "Polygon",
        "coordinates": [
          [[-78.96029, 43.87578], [-78.9711, 43.8927], [-78.98964, 43.88874], [-78.97462, 43.87265], [-78.96874, 43.87391], [-78.96765, 43.87162], [-78.96438, 43.87194], [-78.96492, 43.87468], [-78.96029, 43.87578]]
        ]
      }
    },
    {
      "type": "Feature",
      "properties": {
        "id": "fence44",
        "guid": "f06dcba1-9614-4caa-84d4-829838c3e2e9",
        "text": "A-66",
        "external": "<?xml version=\"1.0\"?><ScheduleFenceData xmlns:xsd=\"http://www.w3.org/2001/XMLSchema\" xmlns:xsi=\"http://www.w3.org/2001/XMLSchema-instance\"><Priority>66</Priority><Notes>5.1%</Notes><CampaignType>DNP</CampaignType><Rating>A</Rating></ScheduleFenceData>",
        "fenceType": "ClickPoints",
        "isLocked": false,
        "fill": "#006400",
        "fill-opacity": 0.38,
        "stroke": "#006400"
      },
      "geometry": {
        "type": "Polygon",
        "coordinates": [
          [[-79.42858, 43.83366], [-79.44119, 43.83025], [-79.4381, 43.82022], [-79.42592, 43.8219], [-79.42502, 43.81833], [-79.41527, 43.82035], [-79.40218, 43.82341], [-79.406, 43.83787], [-79.41218, 43.83855], [-79.42446, 43.83601], [-79.42643, 43.83477], [-79.42858, 43.83366]]
        ]
      }
    },
    {
      "type": "Feature",
      "properties": {
        "id": "fence45",
        "guid": "78bce4da-b341-4d30-b123-8b9084597404",
        "text": "A-69",
        "external": "<?xml version=\"1.0\"?><ScheduleFenceData xmlns:xsd=\"http://www.w3.org/2001/XMLSchema\" xmlns:xsi=\"http://www.w3.org/2001/XMLSchema-instance\"><Priority>69</Priority><Notes>6.4%</Notes><CampaignType>DNP</CampaignType><Rating>A</Rating></ScheduleFenceData>",
        "fenceType": "ClickPoints",
        "isLocked": false,
        "fill": "#006400",
        "fill-opacity": 0.38,
        "stroke": "#006400"
      },
      "geometry": {
        "type": "Polygon",
        "coordinates": [
          [[-79.40566, 43.83768], [-79.40085, 43.81855], [-79.38987, 43.82044], [-79.38545, 43.81985], [-79.37468, 43.82112], [-79.36257, 43.82388], [-79.36781, 43.83598], [-79.37111, 43.83747], [-79.38064, 43.83607], [-79.39699, 43.83669], [-79.40566, 43.83768]]
        ]
      }
    },
    {
      "type": "Feature",
      "properties": {
        "id": "fence46",
        "guid": "402e2432-cf4c-4ff9-85b3-e8e9828ef985",
        "text": "A-67",
        "external": "<?xml version=\"1.0\"?><ScheduleFenceData xmlns:xsd=\"http://www.w3.org/2001/XMLSchema\" xmlns:xsi=\"http://www.w3.org/2001/XMLSchema-instance\"><Priority>67</Priority><Notes>3.8%</Notes><CampaignType>DNP</CampaignType><Rating>A</Rating></ScheduleFenceData>",
        "fenceType": "ClickPoints",
        "isLocked": false,
        "fill": "#006400",
        "fill-opacity": 0.38,
        "stroke": "#006400"
      },
      "geometry": {
        "type": "Polygon",
        "coordinates": [
          [[-79.42386, 43.81397], [-79.41993, 43.79816], [-79.39663, 43.80335], [-79.40115, 43.81846], [-79.40176, 43.82046], [-79.40545, 43.82018], [-79.40613, 43.8223], [-79.42489, 43.81824], [-79.42386, 43.81397]]
        ]
      }
    },
    {
      "type": "Feature",
      "properties": {
        "id": "fence47",
        "guid": "f2749788-59c1-4136-82d4-c5a0080a26d0",
        "text": "A-70",
        "external": "<?xml version=\"1.0\"?><ScheduleFenceData xmlns:xsd=\"http://www.w3.org/2001/XMLSchema\" xmlns:xsi=\"http://www.w3.org/2001/XMLSchema-instance\"><Priority>70</Priority><Notes>4.2%</Notes><CampaignType>DNP</CampaignType><Rating>A</Rating></ScheduleFenceData>",
        "fenceType": "ClickPoints",
        "isLocked": false,
        "fill": "#006400",
        "fill-opacity": 0.38,
        "stroke": "#006400"
      },
      "geometry": {
        "type": "Polygon",
        "coordinates": [
          [[-79.37459, 43.821], [-79.37124, 43.80908], [-79.35343, 43.8131], [-79.3582, 43.81583], [-79.36244, 43.82381], [-79.37459, 43.821]]
        ]
      }
    },
    {
      "type": "Feature",
      "properties": {
        "id": "fence48",
        "guid": "fe2492c6-9b3d-4ab8-bed1-6e3ad40246be",
        "text": "A-68",
        "external": "<?xml version=\"1.0\"?><ScheduleFenceData xmlns:xsd=\"http://www.w3.org/2001/XMLSchema\" xmlns:xsi=\"http://www.w3.org/2001/XMLSchema-instance\"><Priority>68</Priority><Notes>6.1%</Notes><CampaignType>DNP</CampaignType><Rating>A</Rating></ScheduleFenceData>",
        "fenceType": "ClickPoints",
        "isLocked": false,
        "fill": "#006400",
        "fill-opacity": 0.38,
        "stroke": "#006400"
      },
      "geometry": {
        "type": "Polygon",
        "coordinates": [
          [[-79.39429, 43.81697], [-79.3997, 43.81397], [-79.39658, 43.80338], [-79.37127, 43.80906], [-79.37472, 43.82106], [-79.38553, 43.81979], [-79.38991, 43.82035], [-79.39373, 43.81974], [-79.39429, 43.81697]]
        ]
      }
    },
    {
      "type": "Feature",
      "properties": {
        "id": "fence51",
        "guid": "6d0eeaf1-136a-40ed-8c95-7a78a1379b79",
        "text": "A-64",
        "external": "<?xml version=\"1.0\"?><ScheduleFenceData xmlns:xsd=\"http://www.w3.org/2001/XMLSchema\" xmlns:xsi=\"http://www.w3.org/2001/XMLSchema-instance\"><Priority>64</Priority><Notes>4.5%</Notes><CampaignType>DNP</CampaignType><Rating>A</Rating></ScheduleFenceData>",
        "fenceType": "ClickPoints",
        "isLocked": false,
        "fill": "#006400",
        "fill-opacity": 0.38,
        "stroke": "#006400"
      },
      "geometry": {
        "type": "Polygon",
        "coordinates": [
          [[-79.44991, 43.81087], [-79.44544, 43.79269], [-79.42002, 43.79814], [-79.42463, 43.8162], [-79.44991, 43.81087]]
        ]
      }
    },
    {
      "type": "Feature",
      "properties": {
        "id": "fence51",
        "guid": "66852a88-02cb-4bce-9d33-1b7c788bdb15",
        "text": "A-63",
        "external": "<?xml version=\"1.0\"?><ScheduleFenceData xmlns:xsd=\"http://www.w3.org/2001/XMLSchema\" xmlns:xsi=\"http://www.w3.org/2001/XMLSchema-instance\"><Priority>63</Priority><Notes>3.8%</Notes><CampaignType>DNP</CampaignType><Rating>A</Rating></ScheduleFenceData>",
        "fenceType": "ClickPoints",
        "isLocked": false,
        "fill": "#006400",
        "fill-opacity": 0.38,
        "stroke": "#006400"
      },
      "geometry": {
        "type": "Polygon",
        "coordinates": [
          [[-79.44643, 43.79647], [-79.45016, 43.81081], [-79.47467, 43.80564], [-79.47115, 43.79117], [-79.44643, 43.79647]]
        ]
      }
    },
    {
      "type": "Feature",
      "properties": {
        "id": "fence52",
        "guid": "da16a415-ba66-4244-a24d-0c3845b7a8fb",
        "text": "B-62",
        "external": "<?xml version=\"1.0\"?><ScheduleFenceData xmlns:xsd=\"http://www.w3.org/2001/XMLSchema\" xmlns:xsi=\"http://www.w3.org/2001/XMLSchema-instance\"><Priority>62</Priority><Notes>2.1%</Notes><CampaignType>DNP</CampaignType><Rating>B</Rating></ScheduleFenceData>",
        "fenceType": "ClickPoints",
        "isLocked": false,
        "fill": "#008080",
        "fill-opacity": 0.25,
        "stroke": "#008080"
      },
      "geometry": {
        "type": "Polygon",
        "coordinates": [
          [[-79.48029, 43.80517], [-79.48033, 43.80437], [-79.48407, 43.79892], [-79.48853, 43.79548], [-79.48729, 43.79049], [-79.49454, 43.78166], [-79.47025, 43.7869], [-79.47269, 43.79721], [-79.47473, 43.79707], [-79.47439, 43.79964], [-79.47332, 43.79972], [-79.47488, 43.80551], [-79.48029, 43.80517]]
        ]
      }
    },
    {
      "type": "Feature",
      "properties": {
        "id": "fence53",
        "guid": "c3f9f715-1575-446f-bb78-1754a7f616ac",
        "text": "A-60",
        "external": "<?xml version=\"1.0\"?><ScheduleFenceData xmlns:xsd=\"http://www.w3.org/2001/XMLSchema\" xmlns:xsi=\"http://www.w3.org/2001/XMLSchema-instance\"><Priority>60</Priority><Notes>6.6%</Notes><CampaignType>DNP</CampaignType><Rating>A</Rating></ScheduleFenceData>",
        "fenceType": "ClickPoints",
        "isLocked": false,
        "fill": "#006400",
        "fill-opacity": 0.38,
        "stroke": "#006400"
      },
      "geometry": {
        "type": "Polygon",
        "coordinates": [
          [[-79.44991, 43.81106], [-79.43802, 43.8135], [-79.42763, 43.81561], [-79.42926, 43.81892], [-79.43733, 43.81768], [-79.44141, 43.8305], [-79.454, 43.82741], [-79.45158, 43.81722], [-79.44991, 43.81106]]
        ]
      }
    },
    {
      "type": "Feature",
      "properties": {
        "id": "fence54",
        "guid": "54768505-dd50-46b1-932f-3e5f8d2a76f8",
        "text": "A-61",
        "external": "<?xml version=\"1.0\"?><ScheduleFenceData xmlns:xsd=\"http://www.w3.org/2001/XMLSchema\" xmlns:xsi=\"http://www.w3.org/2001/XMLSchema-instance\"><Priority>61</Priority><Notes>6.5%</Notes><CampaignType>DNP</CampaignType><Rating>A</Rating></ScheduleFenceData>",
        "fenceType": "ClickPoints",
        "isLocked": false,
        "fill": "#006400",
        "fill-opacity": 0.38,
        "stroke": "#006400"
      },
      "geometry": {
        "type": "Polygon",
        "coordinates": [
          [[-79.47475, 43.80585], [-79.45016, 43.81103], [-79.45405, 43.82742], [-79.47767, 43.82078], [-79.47475, 43.80585]]
        ]
      }
    },
    {
      "type": "Feature",
      "properties": {
        "id": "fence55",
        "guid": "16f7c31d-cd5c-4c6f-92ce-d679904ae7e2",
        "text": "A-57",
        "external": "<?xml version=\"1.0\"?><ScheduleFenceData xmlns:xsd=\"http://www.w3.org/2001/XMLSchema\" xmlns:xsi=\"http://www.w3.org/2001/XMLSchema-instance\"><Priority>57</Priority><Notes>3.4%</Notes><CampaignType>DNP</CampaignType><Rating>A</Rating></ScheduleFenceData>",
        "fenceType": "ClickPoints",
        "isLocked": false,
        "fill": "#006400",
        "fill-opacity": 0.38,
        "stroke": "#006400"
      },
      "geometry": {
        "type": "Polygon",
        "coordinates": [
          [[-79.4787, 43.82462], [-79.46415, 43.82756], [-79.45405, 43.82744], [-79.45875, 43.84768], [-79.46769, 43.84586], [-79.46716, 43.84437], [-79.471, 43.84352], [-79.47415, 43.84312], [-79.47602, 43.84296], [-79.47643, 43.84403], [-79.48312, 43.84267], [-79.4787, 43.82462]]
        ]
      }
    },
    {
      "type": "Feature",
      "properties": {
        "id": "fence56",
        "guid": "79279f04-8da4-4c83-8aca-d72f0d7eaf8b",
        "text": "A-58",
        "external": "<?xml version=\"1.0\"?><ScheduleFenceData xmlns:xsd=\"http://www.w3.org/2001/XMLSchema\" xmlns:xsi=\"http://www.w3.org/2001/XMLSchema-instance\"><Priority>58</Priority><Notes>5.1%</Notes><CampaignType>DNP</CampaignType><Rating>A</Rating></ScheduleFenceData>",
        "fenceType": "ClickPoints",
        "isLocked": false,
        "fill": "#006400",
        "fill-opacity": 0.38,
        "stroke": "#006400"
      },
      "geometry": {
        "type": "Polygon",
        "coordinates": [
          [[-79.45866, 43.84771], [-79.45398, 43.82744], [-79.4286, 43.83369], [-79.43308, 43.85301], [-79.45866, 43.84771]]
        ]
      }
    },
    {
      "type": "Feature",
      "properties": {
        "id": "fence57",
        "guid": "434afd2b-4406-47da-b64e-23d9a56bc104",
        "text": "A-55",
        "external": "<?xml version=\"1.0\"?><ScheduleFenceData xmlns:xsd=\"http://www.w3.org/2001/XMLSchema\" xmlns:xsi=\"http://www.w3.org/2001/XMLSchema-instance\"><Priority>55</Priority><Notes>3%</Notes><CampaignType>DNP</CampaignType><Rating>A</Rating></ScheduleFenceData>",
        "fenceType": "ClickPoints",
        "isLocked": false,
        "fill": "#006400",
        "fill-opacity": 0.38,
        "stroke": "#006400"
      },
      "geometry": {
        "type": "Polygon",
        "coordinates": [
          [[-79.44544, 43.85048], [-79.44583, 43.85149], [-79.44566, 43.85253], [-79.44375, 43.85376], [-79.44268, 43.85483], [-79.44265, 43.85565], [-79.44302, 43.85629], [-79.44478, 43.85735], [-79.44501, 43.85813], [-79.46027, 43.85488], [-79.45868, 43.84774], [-79.44544, 43.85048]]
        ]
      }
    },
    {
      "type": "Feature",
      "properties": {
        "id": "fence58",
        "guid": "147d4f93-7a16-425a-b241-e12732cfd9b2",
        "text": "A-56",
        "external": "<?xml version=\"1.0\"?><ScheduleFenceData xmlns:xsd=\"http://www.w3.org/2001/XMLSchema\" xmlns:xsi=\"http://www.w3.org/2001/XMLSchema-instance\"><Priority>56</Priority><Notes>5.2%</Notes><CampaignType>DNP</CampaignType><Rating>A</Rating></ScheduleFenceData>",
        "fenceType": "ClickPoints",
        "isLocked": false,
        "fill": "#006400",
        "fill-opacity": 0.38,
        "stroke": "#006400"
      },
      "geometry": {
        "type": "Polygon",
        "coordinates": [
          [[-79.46501, 43.86353], [-79.46583, 43.86523], [-79.48752, 43.86124], [-79.48312, 43.84269], [-79.46205, 43.84709], [-79.46374, 43.85247], [-79.45999, 43.85304], [-79.46233, 43.86404], [-79.46501, 43.86353]]
        ]
      }
    },
    {
      "type": "Feature",
      "properties": {
        "id": "fence59",
        "guid": "8660d11a-5b08-44e2-be05-00a73ca8d30b",
        "text": "A-54",
        "external": "<?xml version=\"1.0\"?><ScheduleFenceData xmlns:xsd=\"http://www.w3.org/2001/XMLSchema\" xmlns:xsi=\"http://www.w3.org/2001/XMLSchema-instance\"><Priority>54</Priority><Notes>6.4%</Notes><CampaignType>DNP</CampaignType><Rating>A</Rating></ScheduleFenceData>",
        "fenceType": "ClickPoints",
        "isLocked": false,
        "fill": "#006400",
        "fill-opacity": 0.38,
        "stroke": "#006400"
      },
      "geometry": {
        "type": "Polygon",
        "coordinates": [
          [[-79.46261, 43.86588], [-79.4603, 43.8549], [-79.44495, 43.8582], [-79.44695, 43.86454], [-79.44672, 43.86503], [-79.44551, 43.86571], [-79.44528, 43.86613], [-79.4454, 43.86674], [-79.44559, 43.86736], [-79.44716, 43.86727], [-79.44849, 43.8679], [-79.44885, 43.86865], [-79.46261, 43.86588]]
        ]
      }
    },
    {
      "type": "Feature",
      "properties": {
        "id": "fence60",
        "guid": "14fde343-9585-43b0-81fa-aa4f9f3c741d",
        "text": "A-2",
        "external": "<?xml version=\"1.0\"?><ScheduleFenceData xmlns:xsd=\"http://www.w3.org/2001/XMLSchema\" xmlns:xsi=\"http://www.w3.org/2001/XMLSchema-instance\"><Priority>2</Priority><Notes>5%</Notes><CampaignType>DNP</CampaignType><Rating>A</Rating></ScheduleFenceData>",
        "fenceType": "ClickPoints",
        "isLocked": false,
        "fill": "#006400",
        "fill-opacity": 0.38,
        "stroke": "#006400"
      },
      "geometry": {
        "type": "Polygon",
        "coordinates": [
          [[-79.57767, 43.80288], [-79.57277, 43.78436], [-79.56076, 43.78668], [-79.56466, 43.80527], [-79.57715, 43.80269], [-79.57767, 43.80288]]
        ]
      }
    },
    {
      "type": "Feature",
      "properties": {
        "id": "fence62",
        "guid": "e6eef9c2-6559-436a-8a03-f0aa48cb3dbd",
        "text": "B-256",
        "external": "<?xml version=\"1.0\"?><ScheduleFenceData xmlns:xsd=\"http://www.w3.org/2001/XMLSchema\" xmlns:xsi=\"http://www.w3.org/2001/XMLSchema-instance\"><Priority>256</Priority><CampaignType>DNP</CampaignType><Rating>B</Rating></ScheduleFenceData>",
        "fenceType": "ClickPoints",
        "isLocked": false,
        "fill": "#008080",
        "fill-opacity": 0.25,
        "stroke": "#008080"
      },
      "geometry": {
        "type": "Polygon",
        "coordinates": [
          [[-79.33056, 43.84505], [-79.32466, 43.82069], [-79.30713, 43.82474], [-79.30816, 43.82809], [-79.30309, 43.83694], [-79.30575, 43.84827], [-79.30773, 43.85013], [-79.33056, 43.84505]]
        ]
      }
    },
    {
      "type": "Feature",
      "properties": {
        "id": "fence62",
        "guid": "3cda8ba8-0c19-4e20-bbfc-5eb5904adc29",
        "text": "B-255",
        "external": "<?xml version=\"1.0\"?><ScheduleFenceData xmlns:xsd=\"http://www.w3.org/2001/XMLSchema\" xmlns:xsi=\"http://www.w3.org/2001/XMLSchema-instance\"><Priority>255</Priority><CampaignType>DNP</CampaignType><Rating>B</Rating></ScheduleFenceData>",
        "fenceType": "ClickPoints",
        "isLocked": false,
        "fill": "#008080",
        "fill-opacity": 0.25,
        "stroke": "#008080"
      },
      "geometry": {
        "type": "Polygon",
        "coordinates": [
          [[-79.30713, 43.85025], [-79.3055, 43.84833], [-79.30275, 43.83688], [-79.30756, 43.82809], [-79.30713, 43.82481], [-79.28704, 43.8292], [-79.28756, 43.83075], [-79.28902, 43.83186], [-79.29065, 43.8401], [-79.29348, 43.84288], [-79.29674, 43.85254], [-79.29726, 43.85254], [-79.30713, 43.85025]]
        ]
      }
    },
    {
      "type": "Feature",
      "properties": {
        "id": "fence63",
        "guid": "dc4c03cd-0bb8-48ad-9110-23cd537787fb",
        "text": "B-254",
        "external": "<?xml version=\"1.0\"?><ScheduleFenceData xmlns:xsd=\"http://www.w3.org/2001/XMLSchema\" xmlns:xsi=\"http://www.w3.org/2001/XMLSchema-instance\"><Priority>254</Priority><CampaignType>DNP</CampaignType><Rating>B</Rating></ScheduleFenceData>",
        "fenceType": "ClickPoints",
        "isLocked": false,
        "fill": "#008080",
        "fill-opacity": 0.25,
        "stroke": "#008080"
      },
      "geometry": {
        "type": "Polygon",
        "coordinates": [
          [[-79.29314, 43.84313], [-79.29314, 43.84295], [-79.29022, 43.84016], [-79.28859, 43.83286], [-79.28721, 43.83087], [-79.28679, 43.82939], [-79.27528, 43.83186], [-79.27949, 43.84808], [-79.28155, 43.85638], [-79.29691, 43.8531], [-79.29314, 43.84313]]
        ]
      }
    },
    {
      "type": "Feature",
      "properties": {
        "id": "fence64",
        "guid": "881eb01c-0628-4217-a7e0-ebe1a5e98986",
        "text": "A-23",
        "external": "<?xml version=\"1.0\"?><ScheduleFenceData xmlns:xsd=\"http://www.w3.org/2001/XMLSchema\" xmlns:xsi=\"http://www.w3.org/2001/XMLSchema-instance\"><Priority>23</Priority><Notes>4.4%</Notes><CampaignType>DNP</CampaignType><Rating>A</Rating></ScheduleFenceData>",
        "fenceType": "ClickPoints",
        "isLocked": false,
        "fill": "#006400",
        "fill-opacity": 0.38,
        "stroke": "#006400"
      },
      "geometry": {
        "type": "Polygon",
        "coordinates": [
          [[-79.54084, 43.86854], [-79.53664, 43.84938], [-79.532, 43.85106], [-79.52544, 43.85226], [-79.52921, 43.86034], [-79.53381, 43.86331], [-79.53552, 43.86603], [-79.53612, 43.86934], [-79.54084, 43.86854]]
        ]
      }
    },
    {
      "type": "Feature",
      "properties": {
        "id": "fence65",
        "guid": "9845970a-b6a3-4c10-8f47-0425f4096161",
        "text": "A-24",
        "external": "<?xml version=\"1.0\"?><ScheduleFenceData xmlns:xsd=\"http://www.w3.org/2001/XMLSchema\" xmlns:xsi=\"http://www.w3.org/2001/XMLSchema-instance\"><Priority>24</Priority><Notes>5.5%</Notes><CampaignType>DNP</CampaignType><Rating>A</Rating></ScheduleFenceData>",
        "fenceType": "ClickPoints",
        "isLocked": false,
        "fill": "#006400",
        "fill-opacity": 0.38,
        "stroke": "#006400"
      },
      "geometry": {
        "type": "Polygon",
        "coordinates": [
          [[-79.53604, 43.86937], [-79.53544, 43.86606], [-79.53368, 43.86331], [-79.52918, 43.86035], [-79.52657, 43.85481], [-79.52284, 43.8589], [-79.52181, 43.8596], [-79.51779, 43.86047], [-79.51375, 43.86099], [-79.5166, 43.87321], [-79.53604, 43.86937]]
        ]
      }
    },
    {
      "type": "Feature",
      "properties": {
        "id": "fence66",
        "guid": "ed636cd6-66b5-4db9-a097-b3be1cb1a08c",
        "text": "A-25",
        "external": "<?xml version=\"1.0\"?><ScheduleFenceData xmlns:xsd=\"http://www.w3.org/2001/XMLSchema\" xmlns:xsi=\"http://www.w3.org/2001/XMLSchema-instance\"><Priority>25</Priority><Notes>4%</Notes><CampaignType>DNP</CampaignType><Rating>A</Rating></ScheduleFenceData>",
        "fenceType": "ClickPoints",
        "isLocked": false,
        "fill": "#006400",
        "fill-opacity": 0.38,
        "stroke": "#006400"
      },
      "geometry": {
        "type": "Polygon",
        "coordinates": [
          [[-79.52535, 43.85228], [-79.51241, 43.85488], [-79.51089, 43.85576], [-79.50883, 43.85632], [-79.5066, 43.85687], [-79.49887, 43.85858], [-79.50059, 43.86275], [-79.50325, 43.86334], [-79.51374, 43.86099], [-79.51788, 43.86042], [-79.52179, 43.85958], [-79.52284, 43.85885], [-79.52653, 43.85471], [-79.52535, 43.85228]]
        ]
      }
    },
    {
      "type": "Feature",
      "properties": {
        "id": "fence67",
        "guid": "0206e134-60c2-42f3-8551-4c5935f617fd",
        "text": "A-27",
        "external": "<?xml version=\"1.0\"?><ScheduleFenceData xmlns:xsd=\"http://www.w3.org/2001/XMLSchema\" xmlns:xsi=\"http://www.w3.org/2001/XMLSchema-instance\"><Priority>27</Priority><Notes>6.6%</Notes><CampaignType>DNP</CampaignType><Rating>A</Rating></ScheduleFenceData>",
        "fenceType": "ClickPoints",
        "isLocked": false,
        "fill": "#006400",
        "fill-opacity": 0.38,
        "stroke": "#006400"
      },
      "geometry": {
        "type": "Polygon",
        "coordinates": [
          [[-79.50814, 43.83657], [-79.51252, 43.85477], [-79.52514, 43.85226], [-79.52278, 43.85034], [-79.52102, 43.84548], [-79.52209, 43.84251], [-79.51754, 43.83883], [-79.51625, 43.83539], [-79.51612, 43.83471], [-79.50814, 43.83657]]
        ]
      }
    },
    {
      "type": "Feature",
      "properties": {
        "id": "fence68",
        "guid": "b5058a64-db17-46a7-90b2-1c2b577997c7",
        "text": "B-26",
        "external": "<?xml version=\"1.0\"?><ScheduleFenceData xmlns:xsd=\"http://www.w3.org/2001/XMLSchema\" xmlns:xsi=\"http://www.w3.org/2001/XMLSchema-instance\"><Priority>26</Priority><Notes>3.5%</Notes><CampaignType>DNP</CampaignType><Rating>B</Rating></ScheduleFenceData>",
        "fenceType": "ClickPoints",
        "isLocked": false,
        "fill": "#008080",
        "fill-opacity": 0.25,
        "stroke": "#008080"
      },
      "geometry": {
        "type": "Polygon",
        "coordinates": [
          [[-79.53449, 43.83942], [-79.52943, 43.83957], [-79.52527, 43.83784], [-79.52248, 43.83326], [-79.51619, 43.83473], [-79.51627, 43.83538], [-79.51756, 43.8388], [-79.52218, 43.84251], [-79.52108, 43.84548], [-79.52286, 43.85031], [-79.52524, 43.85225], [-79.53205, 43.85096], [-79.53664, 43.84932], [-79.53449, 43.83942]]
        ]
      }
    },
    {
      "type": "Feature",
      "properties": {
        "id": "fence69",
        "guid": "c56b6bb4-b631-4754-9b9f-113331d94df0",
        "text": "A-236",
        "external": "<?xml version=\"1.0\"?><ScheduleFenceData xmlns:xsd=\"http://www.w3.org/2001/XMLSchema\" xmlns:xsi=\"http://www.w3.org/2001/XMLSchema-instance\"><Priority>236</Priority><Notes>10.3%</Notes><CampaignType>DNP</CampaignType><Rating>A</Rating></ScheduleFenceData>",
        "fenceType": "ClickPoints",
        "isLocked": false,
        "fill": "#006400",
        "fill-opacity": 0.38,
        "stroke": "#006400"
      },
      "geometry": {
        "type": "Polygon",
        "coordinates": [
          [[-79.16182, 43.83134], [-79.15388, 43.814], [-79.13662, 43.81778], [-79.14431, 43.83502], [-79.16182, 43.83134]]
        ]
      }
    },
    {
      "type": "Feature",
      "properties": {
        "id": "fence70",
        "guid": "29227d72-c191-403b-aa1c-3421720d619a",
        "text": "A-237",
        "external": "<?xml version=\"1.0\"?><ScheduleFenceData xmlns:xsd=\"http://www.w3.org/2001/XMLSchema\" xmlns:xsi=\"http://www.w3.org/2001/XMLSchema-instance\"><Priority>237</Priority><Notes>5.5%</Notes><CampaignType>DNP</CampaignType><Rating>A</Rating></ScheduleFenceData>",
        "fenceType": "ClickPoints",
        "isLocked": false,
        "fill": "#006400",
        "fill-opacity": 0.38,
        "stroke": "#006400"
      },
      "geometry": {
        "type": "Polygon",
        "coordinates": [
          [[-79.14422, 43.83505], [-79.13658, 43.81781], [-79.11697, 43.82211], [-79.12448, 43.83914], [-79.14422, 43.83505]]
        ]
      }
    },
    {
      "type": "Feature",
      "properties": {
        "id": "fence71",
        "guid": "35560f41-6426-437c-bf05-8921eec81771",
        "text": "A-244",
        "external": "<?xml version=\"1.0\"?><ScheduleFenceData xmlns:xsd=\"http://www.w3.org/2001/XMLSchema\" xmlns:xsi=\"http://www.w3.org/2001/XMLSchema-instance\"><Priority>244</Priority><Notes>11% new builds</Notes><CampaignType>DNP</CampaignType><Rating>A</Rating></ScheduleFenceData>",
        "fenceType": "ClickPoints",
        "isLocked": false,
        "fill": "#006400",
        "fill-opacity": 0.38,
        "stroke": "#006400"
      },
      "geometry": {
        "type": "Polygon",
        "coordinates": [
          [[-79.13409, 43.87408], [-79.12834, 43.86102], [-79.09349, 43.86832], [-79.09847, 43.87989], [-79.09907, 43.88218], [-79.13409, 43.87408]]
        ]
      }
    },
    {
      "type": "Feature",
      "properties": {
        "id": "fence72",
        "guid": "c3167438-6363-4f11-91cc-3405e8807687",
        "text": "A-138",
        "external": "<?xml version=\"1.0\"?><ScheduleFenceData xmlns:xsd=\"http://www.w3.org/2001/XMLSchema\" xmlns:xsi=\"http://www.w3.org/2001/XMLSchema-instance\"><Priority>138</Priority><Notes>14% new builds</Notes><CampaignType>DNP</CampaignType><Rating>A</Rating></ScheduleFenceData>",
        "fenceType": "ClickPoints",
        "isLocked": false,
        "fill": "#006400",
        "fill-opacity": 0.38,
        "stroke": "#006400"
      },
      "geometry": {
        "type": "Polygon",
        "coordinates": [
          [[-78.99651, 43.9063], [-78.98964, 43.88886], [-78.96895, 43.89332], [-78.97316, 43.89758], [-78.98058, 43.90095], [-78.98449, 43.90915], [-78.99651, 43.9063]]
        ]
      }
    },
    {
      "type": "Feature",
      "properties": {
        "id": "fence73",
        "guid": "64b58b1f-4fe2-4368-9861-8569f25108d2",
        "text": "A-106",
        "external": "<?xml version=\"1.0\"?><ScheduleFenceData xmlns:xsd=\"http://www.w3.org/2001/XMLSchema\" xmlns:xsi=\"http://www.w3.org/2001/XMLSchema-instance\"><Priority>106</Priority><Notes>4%</Notes><CampaignType>DNP</CampaignType><Rating>A</Rating></ScheduleFenceData>",
        "fenceType": "ClickPoints",
        "isLocked": false,
        "fill": "#006400",
        "fill-opacity": 0.38,
        "stroke": "#006400"
      },
      "geometry": {
        "type": "Polygon",
        "coordinates": [
          [[-78.65687, 43.91088], [-78.66589, 43.91242], [-78.67086, 43.91249], [-78.68168, 43.91032], [-78.69224, 43.91304], [-78.69747, 43.9128], [-78.70202, 43.91119], [-78.69867, 43.90346], [-78.69241, 43.90024], [-78.68649, 43.888], [-78.64795, 43.89016], [-78.65687, 43.91088]]
        ]
      }
    },
    {
      "type": "Feature",
      "properties": {
        "id": "fence74",
        "guid": "28eca00b-ce92-4039-bdcd-8267905de454",
        "text": "D-999",
        "external": "<?xml version=\"1.0\"?><ScheduleFenceData xmlns:xsd=\"http://www.w3.org/2001/XMLSchema\" xmlns:xsi=\"http://www.w3.org/2001/XMLSchema-instance\"><Priority>999</Priority><Notes>OUT OF TERRITORY</Notes><CampaignType>DNP</CampaignType><Rating>D</Rating></ScheduleFenceData>",
        "fenceType": "ClickPoints",
        "isLocked": false,
        "fill": "#8B0000",
        "fill-opacity": 0.25,
        "stroke": "#8B0000"
      },
      "geometry": {
        "type": "Polygon",
        "coordinates": [
          [[-78.53208, 43.95025], [-78.57988, 43.93882], [-78.56701, 43.92111], [-78.57396, 43.91712], [-78.57448, 43.91484], [-78.56426, 43.89233], [-78.50367, 43.89072], [-78.53208, 43.95025]]
        ]
      }
    },
    {
      "type": "Feature",
      "properties": {
        "id": "fence75",
        "guid": "c0758cb9-ca8f-4e72-8d2c-8489a6acc294",
        "text": "A-239",
        "external": "<?xml version=\"1.0\"?><ScheduleFenceData xmlns:xsd=\"http://www.w3.org/2001/XMLSchema\" xmlns:xsi=\"http://www.w3.org/2001/XMLSchema-instance\"><Priority>239</Priority><Notes>7.5%</Notes><CampaignType>DNP</CampaignType><Rating>A</Rating></ScheduleFenceData>",
        "fenceType": "ClickPoints",
        "isLocked": false,
        "fill": "#006400",
        "fill-opacity": 0.38,
        "stroke": "#006400"
      },
      "geometry": {
        "type": "Polygon",
        "coordinates": [
          [[-79.15383, 43.81388], [-79.13319, 43.80514], [-79.11448, 43.81629], [-79.11693, 43.82208], [-79.15383, 43.81388]]
        ]
      }
    },
    {
      "type": "Feature",
      "properties": {
        "id": "fence76",
        "guid": "7ee9f46c-9321-4d21-9d3d-3fcf51c412eb",
        "text": "A-238",
        "external": "<?xml version=\"1.0\"?><ScheduleFenceData xmlns:xsd=\"http://www.w3.org/2001/XMLSchema\" xmlns:xsi=\"http://www.w3.org/2001/XMLSchema-instance\"><Priority>238</Priority><Notes>7.2%</Notes><CampaignType>DNP</CampaignType><Rating>A</Rating></ScheduleFenceData>",
        "fenceType": "ClickPoints",
        "isLocked": false,
        "fill": "#006400",
        "fill-opacity": 0.38,
        "stroke": "#006400"
      },
      "geometry": {
        "type": "Polygon",
        "coordinates": [
          [[-79.12444, 43.8392], [-79.11439, 43.81635], [-79.09731, 43.82657], [-79.10491, 43.84341], [-79.12444, 43.8392]]
        ]
      }
    },
    {
      "type": "Feature",
      "properties": {
        "id": "fence77",
        "guid": "f861b232-c090-4c12-8e2f-f91999402f90",
        "text": "A-240",
        "external": "<?xml version=\"1.0\"?><ScheduleFenceData xmlns:xsd=\"http://www.w3.org/2001/XMLSchema\" xmlns:xsi=\"http://www.w3.org/2001/XMLSchema-instance\"><Priority>240</Priority><Notes>7.3%</Notes><CampaignType>DNP</CampaignType><Rating>A</Rating></ScheduleFenceData>",
        "fenceType": "ClickPoints",
        "isLocked": false,
        "fill": "#006400",
        "fill-opacity": 0.38,
        "stroke": "#006400"
      },
      "geometry": {
        "type": "Polygon",
        "coordinates": [
          [[-79.08886, 43.80697], [-79.09736, 43.82651], [-79.13306, 43.80499], [-79.12439, 43.79718], [-79.10843, 43.78925], [-79.08886, 43.80697]]
        ]
      }
    },
    {
      "type": "Feature",
      "properties": {
        "id": "fence78",
        "guid": "36171857-d43e-40c6-ad64-3df6a158a16a",
        "text": "A-241",
        "external": "<?xml version=\"1.0\"?><ScheduleFenceData xmlns:xsd=\"http://www.w3.org/2001/XMLSchema\" xmlns:xsi=\"http://www.w3.org/2001/XMLSchema-instance\"><Priority>241</Priority><Notes>4.8%</Notes><CampaignType>DNP</CampaignType><Rating>A</Rating></ScheduleFenceData>",
        "fenceType": "ClickPoints",
        "isLocked": false,
        "fill": "#006400",
        "fill-opacity": 0.38,
        "stroke": "#006400"
      },
      "geometry": {
        "type": "Polygon",
        "coordinates": [
          [[-79.09723, 43.82654], [-79.08873, 43.80712], [-79.06199, 43.80406], [-79.07551, 43.83642], [-79.09723, 43.82654]]
        ]
      }
    },
    {
      "type": "Feature",
      "properties": {
        "id": "fence79",
        "guid": "4525b71b-c89a-498e-a9cb-7d0a4519c6fb",
        "text": "A-242",
        "external": "<?xml version=\"1.0\"?><ScheduleFenceData xmlns:xsd=\"http://www.w3.org/2001/XMLSchema\" xmlns:xsi=\"http://www.w3.org/2001/XMLSchema-instance\"><Priority>242</Priority><Notes>3.8%</Notes><CampaignType>DNP</CampaignType><Rating>A</Rating></ScheduleFenceData>",
        "fenceType": "ClickPoints",
        "isLocked": false,
        "fill": "#006400",
        "fill-opacity": 0.38,
        "stroke": "#006400"
      },
      "geometry": {
        "type": "Polygon",
        "coordinates": [
          [[-79.10478, 43.84341], [-79.09731, 43.8266], [-79.07011, 43.83886], [-79.07478, 43.85006], [-79.10478, 43.84341]]
        ]
      }
    },
    {
      "type": "Feature",
      "properties": {
        "id": "fence80",
        "guid": "3e593518-0ea6-4669-95da-8e4982e0257e",
        "text": "A-247",
        "external": "<?xml version=\"1.0\"?><ScheduleFenceData xmlns:xsd=\"http://www.w3.org/2001/XMLSchema\" xmlns:xsi=\"http://www.w3.org/2001/XMLSchema-instance\"><Priority>247</Priority><Notes>5.8%</Notes><CampaignType>DNP</CampaignType><Rating>A</Rating></ScheduleFenceData>",
        "fenceType": "ClickPoints",
        "isLocked": false,
        "fill": "#006400",
        "fill-opacity": 0.38,
        "stroke": "#006400"
      },
      "geometry": {
        "type": "Polygon",
        "coordinates": [
          [[-79.08302, 43.86758], [-79.09736, 43.86442], [-79.09401, 43.85341], [-79.08689, 43.84753], [-79.07478, 43.85019], [-79.07238, 43.85557], [-79.08302, 43.86758]]
        ]
      }
    },
    {
      "type": "Feature",
      "properties": {
        "id": "fence81",
        "guid": "b49a10d0-7a8d-49a6-ba46-dcb10902d9db",
        "text": "A-243",
        "external": "<?xml version=\"1.0\"?><ScheduleFenceData xmlns:xsd=\"http://www.w3.org/2001/XMLSchema\" xmlns:xsi=\"http://www.w3.org/2001/XMLSchema-instance\"><Priority>243</Priority><Notes>7.1%</Notes><CampaignType>DNP</CampaignType><Rating>A</Rating></ScheduleFenceData>",
        "fenceType": "ClickPoints",
        "isLocked": false,
        "fill": "#006400",
        "fill-opacity": 0.38,
        "stroke": "#006400"
      },
      "geometry": {
        "type": "Polygon",
        "coordinates": [
          [[-79.13521, 43.837], [-79.08719, 43.8474], [-79.09418, 43.85322], [-79.09753, 43.8643], [-79.13564, 43.85533], [-79.13521, 43.837]]
        ]
      }
    },
    {
      "type": "Feature",
      "properties": {
        "id": "fence82",
        "guid": "3da10a8f-b914-4d6a-aec4-6f4ec6f534ae",
        "text": "A-249",
        "external": "<?xml version=\"1.0\"?><ScheduleFenceData xmlns:xsd=\"http://www.w3.org/2001/XMLSchema\" xmlns:xsi=\"http://www.w3.org/2001/XMLSchema-instance\"><Priority>249</Priority><Notes>7.4%</Notes><CampaignType>DNP</CampaignType><Rating>A</Rating></ScheduleFenceData>",
        "fenceType": "ClickPoints",
        "isLocked": false,
        "fill": "#006400",
        "fill-opacity": 0.38,
        "stroke": "#006400"
      },
      "geometry": {
        "type": "Polygon",
        "coordinates": [
          [[-79.0432, 43.8763], [-79.05049, 43.89344], [-79.07015, 43.88874], [-79.07551, 43.8875], [-79.07324, 43.86993], [-79.0671, 43.87104], [-79.06268, 43.87117], [-79.05745, 43.87234], [-79.05599, 43.87327], [-79.0432, 43.8763]]
        ]
      }
    },
    {
      "type": "Feature",
      "properties": {
        "id": "fence82",
        "guid": "4950026d-01b4-48a3-98ec-1553628e7ac1",
        "text": "A-250",
        "external": "<?xml version=\"1.0\"?><ScheduleFenceData xmlns:xsd=\"http://www.w3.org/2001/XMLSchema\" xmlns:xsi=\"http://www.w3.org/2001/XMLSchema-instance\"><Priority>250</Priority><Notes>7%</Notes><CampaignType>DNP</CampaignType><Rating>A</Rating></ScheduleFenceData>",
        "fenceType": "ClickPoints",
        "isLocked": false,
        "fill": "#006400",
        "fill-opacity": 0.38,
        "stroke": "#006400"
      },
      "geometry": {
        "type": "Polygon",
        "coordinates": [
          [[-79.05032, 43.89344], [-79.04303, 43.87624], [-79.01904, 43.88162], [-79.01981, 43.88363], [-79.02354, 43.88447], [-79.025, 43.88527], [-79.0259, 43.8867], [-79.02912, 43.8867], [-79.03225, 43.88716], [-79.03607, 43.88858], [-79.03985, 43.89598], [-79.05032, 43.89344]]
        ]
      }
    },
    {
      "type": "Feature",
      "properties": {
        "id": "fence83",
        "guid": "8283a58d-0866-4747-a896-de8bf580a195",
        "text": "A-251",
        "external": "<?xml version=\"1.0\"?><ScheduleFenceData xmlns:xsd=\"http://www.w3.org/2001/XMLSchema\" xmlns:xsi=\"http://www.w3.org/2001/XMLSchema-instance\"><Priority>251</Priority><Notes>4.1%</Notes><CampaignType>DNP</CampaignType><Rating>A</Rating></ScheduleFenceData>",
        "fenceType": "ClickPoints",
        "isLocked": false,
        "fill": "#006400",
        "fill-opacity": 0.38,
        "stroke": "#006400"
      },
      "geometry": {
        "type": "Polygon",
        "coordinates": [
          [[-79.00766, 43.89424], [-79.01118, 43.90278], [-79.03976, 43.89598], [-79.03607, 43.88861], [-79.03221, 43.88719], [-79.02912, 43.88673], [-79.02599, 43.88676], [-79.02286, 43.88769], [-79.01668, 43.89208], [-79.00766, 43.89424]]
        ]
      }
    },
    {
      "type": "Feature",
      "properties": {
        "id": "fence84",
        "guid": "fa86dcb2-3948-4d8e-ba02-4b626183be9c",
        "text": "B-81",
        "external": "<?xml version=\"1.0\"?><ScheduleFenceData xmlns:xsd=\"http://www.w3.org/2001/XMLSchema\" xmlns:xsi=\"http://www.w3.org/2001/XMLSchema-instance\"><Priority>81</Priority><CampaignType>DNP</CampaignType><Rating>B</Rating></ScheduleFenceData>",
        "fenceType": "ClickPoints",
        "isLocked": false,
        "fill": "#008080",
        "fill-opacity": 0.25,
        "stroke": "#008080"
      },
      "geometry": {
        "type": "Polygon",
        "coordinates": [
          [[-79.26807, 43.91001], [-79.26421, 43.89189], [-79.23958, 43.89752], [-79.2437, 43.91573], [-79.26807, 43.91001]]
        ]
      }
    },
    {
      "type": "Feature",
      "properties": {
        "id": "fence85",
        "guid": "41bd5aad-8ccf-47f5-a706-eb242e26cdb6",
        "text": "A-86",
        "external": "<?xml version=\"1.0\"?><ScheduleFenceData xmlns:xsd=\"http://www.w3.org/2001/XMLSchema\" xmlns:xsi=\"http://www.w3.org/2001/XMLSchema-instance\"><Priority>86</Priority><Notes>3.9%</Notes><CampaignType>DNP</CampaignType><Rating>A</Rating></ScheduleFenceData>",
        "fenceType": "ClickPoints",
        "isLocked": false,
        "fill": "#006400",
        "fill-opacity": 0.38,
        "stroke": "#006400"
      },
      "geometry": {
        "type": "Polygon",
        "coordinates": [
          [[-79.26001, 43.87395], [-79.23769, 43.87921], [-79.23503, 43.87884], [-79.23786, 43.89028], [-79.26267, 43.8849], [-79.26001, 43.87395]]
        ]
      }
    },
    {
      "type": "Feature",
      "properties": {
        "id": "fence86",
        "guid": "2c55bdda-7658-4a2f-9b1f-c54cb795aa31",
        "text": "A-85",
        "external": "<?xml version=\"1.0\"?><ScheduleFenceData xmlns:xsd=\"http://www.w3.org/2001/XMLSchema\" xmlns:xsi=\"http://www.w3.org/2001/XMLSchema-instance\"><Priority>85</Priority><Notes>4.5%</Notes><CampaignType>DNP</CampaignType><Rating>A</Rating></ScheduleFenceData>",
        "fenceType": "ClickPoints",
        "isLocked": false,
        "fill": "#006400",
        "fill-opacity": 0.38,
        "stroke": "#006400"
      },
      "geometry": {
        "type": "Polygon",
        "coordinates": [
          [[-79.26385, 43.89189], [-79.26224, 43.8851], [-79.23782, 43.89032], [-79.23958, 43.8974], [-79.26385, 43.89189]]
        ]
      }
    },
    {
      "type": "Feature",
      "properties": {
        "id": "fence87",
        "guid": "e1a7d9a6-d27a-476f-9927-6698f2b24c28",
        "text": "A-101",
        "external": "<?xml version=\"1.0\"?><ScheduleFenceData xmlns:xsd=\"http://www.w3.org/2001/XMLSchema\" xmlns:xsi=\"http://www.w3.org/2001/XMLSchema-instance\"><Priority>101</Priority><Notes>5.7%</Notes><CampaignType>DNP</CampaignType><Rating>A</Rating></ScheduleFenceData>",
        "fenceType": "ClickPoints",
        "isLocked": false,
        "fill": "#006400",
        "fill-opacity": 0.38,
        "stroke": "#006400"
      },
      "geometry": {
        "type": "Polygon",
        "coordinates": [
          [[-78.59602, 43.89035], [-78.57353, 43.89097], [-78.56864, 43.89557], [-78.57615, 43.91484], [-78.57259, 43.9213], [-78.58726, 43.93072], [-78.60992, 43.92256], [-78.60919, 43.91267], [-78.60645, 43.91326], [-78.59602, 43.89035]]
        ]
      }
    },
    {
      "type": "Feature",
      "properties": {
        "id": "fence88",
        "guid": "dbb641fd-245e-4c05-831b-54f9f0ea3826",
        "text": "A-107",
        "external": "<?xml version=\"1.0\"?><ScheduleFenceData xmlns:xsd=\"http://www.w3.org/2001/XMLSchema\" xmlns:xsi=\"http://www.w3.org/2001/XMLSchema-instance\"><Priority>107</Priority><Notes>5.1%</Notes><CampaignType>DNP</CampaignType><Rating>A</Rating></ScheduleFenceData>",
        "fenceType": "ClickPoints",
        "isLocked": false,
        "fill": "#006400",
        "fill-opacity": 0.38,
        "stroke": "#006400"
      },
      "geometry": {
        "type": "Polygon",
        "coordinates": [
          [[-78.71198, 43.88348], [-78.68674, 43.888], [-78.69241, 43.90012], [-78.69876, 43.9034], [-78.70219, 43.91125], [-78.70691, 43.9217], [-78.7264, 43.9178], [-78.72322, 43.91057], [-78.71198, 43.88348]]
        ]
      }
    },
    {
      "type": "Feature",
      "properties": {
        "id": "fence89",
        "guid": "9867fa3a-2d67-4beb-9b16-3ffc3d3fa5b1",
        "text": "A-105",
        "external": "<?xml version=\"1.0\"?><ScheduleFenceData xmlns:xsd=\"http://www.w3.org/2001/XMLSchema\" xmlns:xsi=\"http://www.w3.org/2001/XMLSchema-instance\"><Priority>105</Priority><Notes>4.1%</Notes><CampaignType>DNP</CampaignType><Rating>A</Rating></ScheduleFenceData>",
        "fenceType": "ClickPoints",
        "isLocked": false,
        "fill": "#006400",
        "fill-opacity": 0.38,
        "stroke": "#006400"
      },
      "geometry": {
        "type": "Polygon",
        "coordinates": [
          [[-78.68528, 43.92195], [-78.68189, 43.91476], [-78.67719, 43.91562], [-78.67329, 43.91354], [-78.67228, 43.91224], [-78.67095, 43.91249], [-78.66606, 43.91255], [-78.65687, 43.91119], [-78.66975, 43.94136], [-78.68528, 43.92195]]
        ]
      }
    },
    {
      "type": "Feature",
      "properties": {
        "id": "fence90",
        "guid": "9a0b7dc9-acfa-47fb-afd5-c3ca63e37add",
        "text": "A-103",
        "external": "<?xml version=\"1.0\"?><ScheduleFenceData xmlns:xsd=\"http://www.w3.org/2001/XMLSchema\" xmlns:xsi=\"http://www.w3.org/2001/XMLSchema-instance\"><Priority>103</Priority><Notes>5.5%</Notes><CampaignType>DNP</CampaignType><Rating>A</Rating></ScheduleFenceData>",
        "fenceType": "ClickPoints",
        "isLocked": false,
        "fill": "#006400",
        "fill-opacity": 0.38,
        "stroke": "#006400"
      },
      "geometry": {
        "type": "Polygon",
        "coordinates": [
          [[-78.70202, 43.91125], [-78.69764, 43.91292], [-78.69224, 43.91329], [-78.68713, 43.91889], [-78.68425, 43.91941], [-78.69161, 43.93641], [-78.71129, 43.93208], [-78.70202, 43.91125]]
        ]
      }
    },
    {
      "type": "Feature",
      "properties": {
        "id": "fence91",
        "guid": "62aa059b-28ce-4d9a-a682-b16827c3cc1e",
        "text": "A-102",
        "external": "<?xml version=\"1.0\"?><ScheduleFenceData xmlns:xsd=\"http://www.w3.org/2001/XMLSchema\" xmlns:xsi=\"http://www.w3.org/2001/XMLSchema-instance\"><Priority>102</Priority><Notes>14% new builds</Notes><CampaignType>DNP</CampaignType><Rating>A</Rating></ScheduleFenceData>",
        "fenceType": "ClickPoints",
        "isLocked": false,
        "fill": "#006400",
        "fill-opacity": 0.38,
        "stroke": "#006400"
      },
      "geometry": {
        "type": "Polygon",
        "coordinates": [
          [[-78.71979, 43.95044], [-78.71129, 43.93215], [-78.69146, 43.93647], [-78.70013, 43.95476], [-78.71979, 43.95044]]
        ]
      }
    },
    {
      "type": "Feature",
      "properties": {
        "id": "fence92",
        "guid": "3be44d0d-f0d7-4a9b-bb51-2c68472a99b7",
        "text": "A-104",
        "external": "<?xml version=\"1.0\"?><ScheduleFenceData xmlns:xsd=\"http://www.w3.org/2001/XMLSchema\" xmlns:xsi=\"http://www.w3.org/2001/XMLSchema-instance\"><Priority>104</Priority><Notes>4.1%</Notes><CampaignType>DNP</CampaignType><Rating>A</Rating></ScheduleFenceData>",
        "fenceType": "ClickPoints",
        "isLocked": false,
        "fill": "#006400",
        "fill-opacity": 0.38,
        "stroke": "#006400"
      },
      "geometry": {
        "type": "Polygon",
        "coordinates": [
          [[-78.69155, 43.9364], [-78.68537, 43.92204], [-78.66983, 43.94148], [-78.69155, 43.9364]]
        ]
      }
    },
    {
      "type": "Feature",
      "properties": {
        "id": "fence92",
        "guid": "1484ec2f-4d33-4d58-a9bc-7ca45fe58125",
        "text": "A-30",
        "external": "<?xml version=\"1.0\"?><ScheduleFenceData xmlns:xsd=\"http://www.w3.org/2001/XMLSchema\" xmlns:xsi=\"http://www.w3.org/2001/XMLSchema-instance\"><Priority>30</Priority><Notes>2.7%</Notes><CampaignType>DNP</CampaignType><Rating>A</Rating></ScheduleFenceData>",
        "fenceType": "ClickPoints",
        "isLocked": false,
        "fill": "#006400",
        "fill-opacity": 0.38,
        "stroke": "#006400"
      },
      "geometry": {
        "type": "Polygon",
        "coordinates": [
          [[-79.50402, 43.81855], [-79.4787, 43.82406], [-79.48175, 43.83685], [-79.4845, 43.83642], [-79.4857, 43.83994], [-79.49175, 43.83877], [-79.49188, 43.83948], [-79.49797, 43.8384], [-79.50643, 43.83657], [-79.50806, 43.83638], [-79.50402, 43.81855]]
        ]
      }
    },
    {
      "type": "Feature",
      "properties": {
        "id": "fence93",
        "guid": "d2c08d73-419e-40c6-976f-3d2c02072b76",
        "text": "A-32",
        "external": "<?xml version=\"1.0\"?><ScheduleFenceData xmlns:xsd=\"http://www.w3.org/2001/XMLSchema\" xmlns:xsi=\"http://www.w3.org/2001/XMLSchema-instance\"><Priority>32</Priority><Notes>13%</Notes><CampaignType>DNP</CampaignType><Rating>A</Rating></ScheduleFenceData>",
        "fenceType": "ClickPoints",
        "isLocked": false,
        "fill": "#006400",
        "fill-opacity": 0.38,
        "stroke": "#006400"
      },
      "geometry": {
        "type": "Polygon",
        "coordinates": [
          [[-79.52265, 43.9327], [-79.52885, 43.9317], [-79.52411, 43.91088], [-79.50085, 43.91626], [-79.50608, 43.93783], [-79.52265, 43.9327]]
        ]
      }
    },
    {
      "type": "Feature",
      "properties": {
        "id": "fence94",
        "guid": "7628f254-3fc3-4c92-a9a1-7b84766d4023",
        "text": "A-168",
        "external": "<?xml version=\"1.0\"?><ScheduleFenceData xmlns:xsd=\"http://www.w3.org/2001/XMLSchema\" xmlns:xsi=\"http://www.w3.org/2001/XMLSchema-instance\"><Priority>168</Priority><Notes>5.3% new builds</Notes><CampaignType>DNP</CampaignType><Rating>A</Rating></ScheduleFenceData>",
        "fenceType": "ClickPoints",
        "isLocked": false,
        "fill": "#006400",
        "fill-opacity": 0.38,
        "stroke": "#006400"
      },
      "geometry": {
        "type": "Polygon",
        "coordinates": [
          [[-79.28361, 43.97886], [-79.28056, 43.96388], [-79.25567, 43.96941], [-79.25923, 43.98429], [-79.28361, 43.97886]]
        ]
      }
    },
    {
      "type": "Feature",
      "properties": {
        "id": "fence95",
        "guid": "7136425f-db4c-4f2b-b94c-a292a2125e4f",
        "text": "A-169",
        "external": "<?xml version=\"1.0\"?><ScheduleFenceData xmlns:xsd=\"http://www.w3.org/2001/XMLSchema\" xmlns:xsi=\"http://www.w3.org/2001/XMLSchema-instance\"><Priority>169</Priority><Notes>7.1%</Notes><CampaignType>DNP</CampaignType><Rating>A</Rating></ScheduleFenceData>",
        "fenceType": "ClickPoints",
        "isLocked": false,
        "fill": "#006400",
        "fill-opacity": 0.38,
        "stroke": "#006400"
      },
      "geometry": {
        "type": "Polygon",
        "coordinates": [
          [[-79.23123, 43.97486], [-79.23469, 43.98973], [-79.25361, 43.98534], [-79.25898, 43.98429], [-79.25664, 43.97368], [-79.25565, 43.96939], [-79.23123, 43.97486]]
        ]
      }
    },
    {
      "type": "Feature",
      "properties": {
        "id": "fence97",
        "guid": "ff23ec66-2037-4198-a84b-e11176942096",
        "text": "A-170",
        "external": "<?xml version=\"1.0\"?><ScheduleFenceData xmlns:xsd=\"http://www.w3.org/2001/XMLSchema\" xmlns:xsi=\"http://www.w3.org/2001/XMLSchema-instance\"><Priority>170</Priority><Notes>7%</Notes><CampaignType>DNP</CampaignType><Rating>A</Rating></ScheduleFenceData>",
        "fenceType": "ClickPoints",
        "isLocked": false,
        "fill": "#006400",
        "fill-opacity": 0.38,
        "stroke": "#006400"
      },
      "geometry": {
        "type": "Polygon",
        "coordinates": [
          [[-79.22203, 43.97691], [-79.24257, 43.97229], [-79.24089, 43.9663], [-79.23799, 43.96419], [-79.2349, 43.9548], [-79.21623, 43.95884], [-79.22203, 43.97691]]
        ]
      }
    },
    {
      "type": "Feature",
      "properties": {
        "id": "fence97",
        "guid": "f8585c76-3541-4888-ad75-366624f9c25d",
        "text": "A-171",
        "external": "<?xml version=\"1.0\"?><ScheduleFenceData xmlns:xsd=\"http://www.w3.org/2001/XMLSchema\" xmlns:xsi=\"http://www.w3.org/2001/XMLSchema-instance\"><Priority>171</Priority><Notes>5.7%</Notes><CampaignType>DNP</CampaignType><Rating>A</Rating></ScheduleFenceData>",
        "fenceType": "ClickPoints",
        "isLocked": false,
        "fill": "#006400",
        "fill-opacity": 0.38,
        "stroke": "#006400"
      },
      "geometry": {
        "type": "Polygon",
        "coordinates": [
          [[-79.2528, 43.951], [-79.23503, 43.95476], [-79.23802, 43.9642], [-79.24092, 43.96629], [-79.24263, 43.97229], [-79.25672, 43.96914], [-79.2528, 43.951]]
        ]
      }
    },
    {
      "type": "Feature",
      "properties": {
        "id": "fence98",
        "guid": "8dfc170e-4a0f-4588-8877-cd7dcea17d88",
        "text": "B-167",
        "external": "<?xml version=\"1.0\"?><ScheduleFenceData xmlns:xsd=\"http://www.w3.org/2001/XMLSchema\" xmlns:xsi=\"http://www.w3.org/2001/XMLSchema-instance\"><Priority>167</Priority><Notes>3.2%</Notes><CampaignType>DNP</CampaignType><Rating>B</Rating></ScheduleFenceData>",
        "fenceType": "ClickPoints",
        "isLocked": false,
        "fill": "#008080",
        "fill-opacity": 0.25,
        "stroke": "#008080"
      },
      "geometry": {
        "type": "Polygon",
        "coordinates": [
          [[-79.27245, 43.94716], [-79.2528, 43.951], [-79.25674, 43.9691], [-79.28018, 43.96391], [-79.27245, 43.94716]]
        ]
      }
    },
    {
      "type": "Feature",
      "properties": {
        "id": "fence101",
        "guid": "5a7328fd-3a23-495c-a5bd-64b95a39873d",
        "text": "A-127",
        "external": "<?xml version=\"1.0\"?><ScheduleFenceData xmlns:xsd=\"http://www.w3.org/2001/XMLSchema\" xmlns:xsi=\"http://www.w3.org/2001/XMLSchema-instance\"><Priority>127</Priority><Notes>7%</Notes><CampaignType>DNP</CampaignType><Rating>A</Rating></ScheduleFenceData>",
        "fenceType": "ClickPoints",
        "isLocked": false,
        "fill": "#006400",
        "fill-opacity": 0.38,
        "stroke": "#006400"
      },
      "geometry": {
        "type": "Polygon",
        "coordinates": [
          [[-78.97994, 43.96638], [-78.97286, 43.95069], [-78.95968, 43.95393], [-78.96672, 43.96953], [-78.97994, 43.96638]]
        ]
      }
    },
    {
      "type": "Feature",
      "properties": {
        "id": "fence102",
        "guid": "e9f44a07-74a5-4316-9b51-c443beb4b920",
        "text": "A-128",
        "external": "<?xml version=\"1.0\"?><ScheduleFenceData xmlns:xsd=\"http://www.w3.org/2001/XMLSchema\" xmlns:xsi=\"http://www.w3.org/2001/XMLSchema-instance\"><Priority>128</Priority><Notes>6.5%</Notes><CampaignType>DNP</CampaignType><Rating>A</Rating></ScheduleFenceData>",
        "fenceType": "ClickPoints",
        "isLocked": false,
        "fill": "#006400",
        "fill-opacity": 0.38,
        "stroke": "#006400"
      },
      "geometry": {
        "type": "Polygon",
        "coordinates": [
          [[-78.96065, 44.09679], [-78.9687, 44.08839], [-78.96578, 44.08086], [-78.94797, 44.08447], [-78.9308, 44.08808], [-78.93299, 44.09498], [-78.93582, 44.10189], [-78.96065, 44.09679]]
        ]
      }
    },
    {
      "type": "Feature",
      "properties": {
        "id": "fence103",
        "guid": "777214c8-68f0-45e1-88ba-b1e55be6b357",
        "text": "A-153",
        "external": "<?xml version=\"1.0\"?><ScheduleFenceData xmlns:xsd=\"http://www.w3.org/2001/XMLSchema\" xmlns:xsi=\"http://www.w3.org/2001/XMLSchema-instance\"><Priority>153</Priority><Notes>6%</Notes><CampaignType>DNP</CampaignType><Rating>A</Rating></ScheduleFenceData>",
        "fenceType": "ClickPoints",
        "isLocked": false,
        "fill": "#006400",
        "fill-opacity": 0.38,
        "stroke": "#006400"
      },
      "geometry": {
        "type": "Polygon",
        "coordinates": [
          [[-78.96792, 43.88831], [-78.96011, 43.87575], [-78.95222, 43.87773], [-78.94209, 43.87989], [-78.94406, 43.88469], [-78.94986, 43.89755], [-78.97067, 43.89288], [-78.96792, 43.88831]]
        ]
      }
    },
    {
      "type": "Feature",
      "properties": {
        "id": "fence104",
        "guid": "22e39352-fa26-4586-a4a6-4286bf47e01e",
        "text": "A-152",
        "external": "<?xml version=\"1.0\"?><ScheduleFenceData xmlns:xsd=\"http://www.w3.org/2001/XMLSchema\" xmlns:xsi=\"http://www.w3.org/2001/XMLSchema-instance\"><Priority>152</Priority><Notes>4.9%</Notes><CampaignType>DNP</CampaignType><Rating>A</Rating></ScheduleFenceData>",
        "fenceType": "ClickPoints",
        "isLocked": false,
        "fill": "#006400",
        "fill-opacity": 0.38,
        "stroke": "#006400"
      },
      "geometry": {
        "type": "Polygon",
        "coordinates": [
          [[-78.94192, 43.87992], [-78.93226, 43.88212], [-78.92243, 43.88432], [-78.92514, 43.89028], [-78.92853, 43.89823], [-78.93029, 43.90201], [-78.93881, 43.90013], [-78.94964, 43.89743], [-78.94947, 43.89715], [-78.94192, 43.87992]]
        ]
      }
    },
    {
      "type": "Feature",
      "properties": {
        "id": "fence105",
        "guid": "9daa72e4-6d00-497a-b715-40412492b472",
        "text": "A-140",
        "external": "<?xml version=\"1.0\"?><ScheduleFenceData xmlns:xsd=\"http://www.w3.org/2001/XMLSchema\" xmlns:xsi=\"http://www.w3.org/2001/XMLSchema-instance\"><Priority>140</Priority><Notes>4.6%</Notes><CampaignType>DNP</CampaignType><Rating>A</Rating></ScheduleFenceData>",
        "fenceType": "ClickPoints",
        "isLocked": false,
        "fill": "#006400",
        "fill-opacity": 0.38,
        "stroke": "#006400"
      },
      "geometry": {
        "type": "Polygon",
        "coordinates": [
          [[-78.94479, 43.89868], [-78.94621, 43.90157], [-78.94436, 43.90202], [-78.94348, 43.90225], [-78.94142, 43.90273], [-78.94389, 43.90839], [-78.94552, 43.9123], [-78.94763, 43.91753], [-78.95752, 43.91536], [-78.95003, 43.89771], [-78.94479, 43.89868]]
        ]
      }
    },
    {
      "type": "Feature",
      "properties": {
        "id": "fence106",
        "guid": "77bde169-26f6-4cc5-9911-7009ed6caee7",
        "text": "A-141",
        "external": "<?xml version=\"1.0\"?><ScheduleFenceData xmlns:xsd=\"http://www.w3.org/2001/XMLSchema\" xmlns:xsi=\"http://www.w3.org/2001/XMLSchema-instance\"><Priority>141</Priority><Notes>7.8%</Notes><CampaignType>DNP</CampaignType><Rating>A</Rating></ScheduleFenceData>",
        "fenceType": "ClickPoints",
        "isLocked": false,
        "fill": "#006400",
        "fill-opacity": 0.38,
        "stroke": "#006400"
      },
      "geometry": {
        "type": "Polygon",
        "coordinates": [
          [[-78.94016, 43.89996], [-78.93024, 43.90213], [-78.92055, 43.90414], [-78.9281, 43.92201], [-78.9396, 43.91935], [-78.9475, 43.91756], [-78.94707, 43.91632], [-78.94016, 43.89996]]
        ]
      }
    },
    {
      "type": "Feature",
      "properties": {
        "id": "fence107",
        "guid": "25635252-ab29-4a66-ac80-806dc27b24c1",
        "text": "A-253",
        "external": "<?xml version=\"1.0\"?><ScheduleFenceData xmlns:xsd=\"http://www.w3.org/2001/XMLSchema\" xmlns:xsi=\"http://www.w3.org/2001/XMLSchema-instance\"><Priority>253</Priority><Notes>5.3</Notes><CampaignType>DNP</CampaignType><Rating>A</Rating></ScheduleFenceData>",
        "fenceType": "ClickPoints",
        "isLocked": false,
        "fill": "#006400",
        "fill-opacity": 0.38,
        "stroke": "#006400"
      },
      "geometry": {
        "type": "Polygon",
        "coordinates": [
          [[-79.01221, 43.86442], [-79.01916, 43.88131], [-79.043, 43.87609], [-79.03865, 43.86551], [-79.03976, 43.86257], [-79.04163, 43.85859], [-79.04155, 43.85789], [-79.01221, 43.86442]]
        ]
      }
    },
    {
      "type": "Feature",
      "properties": {
        "id": "fence108",
        "guid": "26785704-63a7-4884-bd97-bb42c956eda8",
        "text": "A-254",
        "external": "<?xml version=\"1.0\"?><ScheduleFenceData xmlns:xsd=\"http://www.w3.org/2001/XMLSchema\" xmlns:xsi=\"http://www.w3.org/2001/XMLSchema-instance\"><Priority>254</Priority><Notes>4.3</Notes><CampaignType>DNP</CampaignType><Rating>A</Rating></ScheduleFenceData>",
        "fenceType": "ClickPoints",
        "isLocked": false,
        "fill": "#006400",
        "fill-opacity": 0.38,
        "stroke": "#006400"
      },
      "geometry": {
        "type": "Polygon",
        "coordinates": [
          [[-79.04558, 43.86289], [-79.04157, 43.86213], [-79.04024, 43.86179], [-79.0388, 43.8656], [-79.04324, 43.87621], [-79.05307, 43.87383], [-79.05041, 43.86736], [-79.04873, 43.86377], [-79.04873, 43.86368], [-79.04558, 43.86289]]
        ]
      }
    },
    {
      "type": "Feature",
      "properties": {
        "id": "fence110",
        "guid": "4f60468a-cfbc-4158-98c6-897de5d40186",
        "text": "A-255",
        "external": "<?xml version=\"1.0\"?><ScheduleFenceData xmlns:xsd=\"http://www.w3.org/2001/XMLSchema\" xmlns:xsi=\"http://www.w3.org/2001/XMLSchema-instance\"><Priority>255</Priority><CampaignType>DNP</CampaignType><Rating>A</Rating></ScheduleFenceData>",
        "fenceType": "ClickPoints",
        "isLocked": false,
        "fill": "#006400",
        "fill-opacity": 0.38,
        "stroke": "#006400"
      },
      "geometry": {
        "type": "Polygon",
        "coordinates": [
          [[-79.04039, 43.8617], [-79.04467, 43.86264], [-79.04599, 43.86289], [-79.04876, 43.86363], [-79.04979, 43.86591], [-79.0532, 43.8738], [-79.0559, 43.87318], [-79.05766, 43.87213], [-79.0627, 43.87108], [-79.05693, 43.85743], [-79.05562, 43.85452], [-79.04346, 43.85731], [-79.04182, 43.85854], [-79.04039, 43.8617]]
        ]
      }
    },
    {
      "type": "Feature",
      "properties": {
        "id": "fence110",
        "guid": "81852aa2-8333-41a4-ad04-9a32646aa98d",
        "text": "A-129",
        "external": "<?xml version=\"1.0\"?><ScheduleFenceData xmlns:xsd=\"http://www.w3.org/2001/XMLSchema\" xmlns:xsi=\"http://www.w3.org/2001/XMLSchema-instance\"><Priority>129</Priority><Notes>8.6%</Notes><CampaignType>DNP</CampaignType><Rating>A</Rating></ScheduleFenceData>",
        "fenceType": "ClickPoints",
        "isLocked": false,
        "fill": "#006400",
        "fill-opacity": 0.38,
        "stroke": "#006400"
      },
      "geometry": {
        "type": "Polygon",
        "coordinates": [
          [[-78.9469, 44.12308], [-78.95419, 44.12007], [-78.95089, 44.11241], [-78.95518, 44.11152], [-78.96428, 44.10956], [-78.96346, 44.10101], [-78.96179, 44.09823], [-78.9602, 44.09689], [-78.93445, 44.10219], [-78.94166, 44.107], [-78.9469, 44.12308]]
        ]
      }
    },
    {
      "type": "Feature",
      "properties": {
        "id": "fence111",
        "guid": "e1e5a1dd-5ffc-40a6-84a6-6ab43c555bba",
        "text": "A-109",
        "external": "<?xml version=\"1.0\"?><ScheduleFenceData xmlns:xsd=\"http://www.w3.org/2001/XMLSchema\" xmlns:xsi=\"http://www.w3.org/2001/XMLSchema-instance\"><Priority>109</Priority><Notes>5.2%</Notes><CampaignType>DNP</CampaignType><Rating>A</Rating></ScheduleFenceData>",
        "fenceType": "ClickPoints",
        "isLocked": false,
        "fill": "#006400",
        "fill-opacity": 0.38,
        "stroke": "#006400"
      },
      "geometry": {
        "type": "Polygon",
        "coordinates": [
          [[-78.77481, 43.93425], [-78.77712, 43.93691], [-78.79764, 43.93208], [-78.80244, 43.92284], [-78.80146, 43.9114], [-78.79952, 43.90807], [-78.7894, 43.91106], [-78.78086, 43.91113], [-78.77562, 43.91326], [-78.7639, 43.91369], [-78.77481, 43.93425]]
        ]
      }
    },
    {
      "type": "Feature",
      "properties": {
        "id": "fence114",
        "guid": "6c3cacb5-0b4b-4cf5-8413-7a8623b448f4",
        "text": "A-114",
        "external": "<?xml version=\"1.0\"?><ScheduleFenceData xmlns:xsd=\"http://www.w3.org/2001/XMLSchema\" xmlns:xsi=\"http://www.w3.org/2001/XMLSchema-instance\"><Priority>114</Priority><Notes>4.3%</Notes><CampaignType>DNP</CampaignType><Rating>A</Rating></ScheduleFenceData>",
        "fenceType": "ClickPoints",
        "isLocked": false,
        "fill": "#006400",
        "fill-opacity": 0.38,
        "stroke": "#006400"
      },
      "geometry": {
        "type": "Polygon",
        "coordinates": [
          [[-78.82236, 43.92627], [-78.8418, 43.92201], [-78.83931, 43.91617], [-78.83403, 43.90451], [-78.82686, 43.90599], [-78.82386, 43.90578], [-78.82115, 43.90581], [-78.8139, 43.90652], [-78.8165, 43.91329], [-78.81272, 43.91428], [-78.81437, 43.91827], [-78.81836, 43.91728], [-78.82236, 43.92627]]
        ]
      }
    },
    {
      "type": "Feature",
      "properties": {
        "id": "fence114",
        "guid": "8f8d1773-253c-4d3e-bf92-a67315513042",
        "text": "A-115",
        "external": "<?xml version=\"1.0\"?><ScheduleFenceData xmlns:xsd=\"http://www.w3.org/2001/XMLSchema\" xmlns:xsi=\"http://www.w3.org/2001/XMLSchema-instance\"><Priority>115</Priority><Notes>4.5%</Notes><CampaignType>DNP</CampaignType><Rating>A</Rating></ScheduleFenceData>",
        "fenceType": "ClickPoints",
        "isLocked": false,
        "fill": "#006400",
        "fill-opacity": 0.38,
        "stroke": "#006400"
      },
      "geometry": {
        "type": "Polygon",
        "coordinates": [
          [[-78.84187, 43.92193], [-78.85145, 43.91963], [-78.8457, 43.90636], [-78.83429, 43.90439], [-78.84187, 43.92193]]
        ]
      }
    },
    {
      "type": "Feature",
      "properties": {
        "id": "fence115",
        "guid": "e9392af3-3496-4476-a305-f3e4878b59e6",
        "text": "A-117",
        "external": "<?xml version=\"1.0\"?><ScheduleFenceData xmlns:xsd=\"http://www.w3.org/2001/XMLSchema\" xmlns:xsi=\"http://www.w3.org/2001/XMLSchema-instance\"><Priority>117</Priority><Notes>8.5%</Notes><CampaignType>DNP</CampaignType><Rating>A</Rating></ScheduleFenceData>",
        "fenceType": "ClickPoints",
        "isLocked": false,
        "fill": "#006400",
        "fill-opacity": 0.38,
        "stroke": "#006400"
      },
      "geometry": {
        "type": "Polygon",
        "coordinates": [
          [[-78.82214, 43.92647], [-78.82587, 43.93542], [-78.82871, 43.94136], [-78.82956, 43.94364], [-78.84235, 43.94105], [-78.84931, 43.93944], [-78.84173, 43.92207], [-78.82214, 43.92647]]
        ]
      }
    },
    {
      "type": "Feature",
      "properties": {
        "id": "fence116",
        "guid": "749c097c-b0e4-42a7-87aa-9515e352113a",
        "text": "A-116",
        "external": "<?xml version=\"1.0\"?><ScheduleFenceData xmlns:xsd=\"http://www.w3.org/2001/XMLSchema\" xmlns:xsi=\"http://www.w3.org/2001/XMLSchema-instance\"><Priority>116</Priority><Notes>4%</Notes><CampaignType>DNP</CampaignType><Rating>A</Rating></ScheduleFenceData>",
        "fenceType": "ClickPoints",
        "isLocked": false,
        "fill": "#006400",
        "fill-opacity": 0.38,
        "stroke": "#006400"
      },
      "geometry": {
        "type": "Polygon",
        "coordinates": [
          [[-78.84939, 43.93947], [-78.86913, 43.93536], [-78.86158, 43.91719], [-78.84205, 43.92195], [-78.84192, 43.92207], [-78.84939, 43.93947]]
        ]
      }
    },
    {
      "type": "Feature",
      "properties": {
        "id": "fence117",
        "guid": "5ac1abf3-ceb5-4164-9969-7a121bbdaeb3",
        "text": "A-118",
        "external": "<?xml version=\"1.0\"?><ScheduleFenceData xmlns:xsd=\"http://www.w3.org/2001/XMLSchema\" xmlns:xsi=\"http://www.w3.org/2001/XMLSchema-instance\"><Priority>118</Priority><Notes>9.4%</Notes><CampaignType>DNP</CampaignType><Rating>A</Rating></ScheduleFenceData>",
        "fenceType": "ClickPoints",
        "isLocked": false,
        "fill": "#006400",
        "fill-opacity": 0.38,
        "stroke": "#006400"
      },
      "geometry": {
        "type": "Polygon",
        "coordinates": [
          [[-78.8372, 43.9607], [-78.83738, 43.96125], [-78.85726, 43.95687], [-78.84931, 43.9395], [-78.82987, 43.94395], [-78.8372, 43.9607]]
        ]
      }
    },
    {
      "type": "Feature",
      "properties": {
        "id": "fence118",
        "guid": "f1e1b826-8151-4169-a157-6d92e481a702",
        "text": "A-125",
        "external": "<?xml version=\"1.0\"?><ScheduleFenceData xmlns:xsd=\"http://www.w3.org/2001/XMLSchema\" xmlns:xsi=\"http://www.w3.org/2001/XMLSchema-instance\"><Priority>125</Priority><Notes>7%</Notes><CampaignType>DNP</CampaignType><Rating>A</Rating></ScheduleFenceData>",
        "fenceType": "ClickPoints",
        "isLocked": false,
        "fill": "#006400",
        "fill-opacity": 0.38,
        "stroke": "#006400"
      },
      "geometry": {
        "type": "Polygon",
        "coordinates": [
          [[-78.93145, 43.96011], [-78.93887, 43.9762], [-78.95041, 43.97336], [-78.94342, 43.95736], [-78.94325, 43.95742], [-78.93145, 43.96011]]
        ]
      }
    },
    {
      "type": "Feature",
      "properties": {
        "id": "fence119",
        "guid": "bcd72e94-2861-4b63-8cbd-54d63262dbe2",
        "text": "A-126",
        "external": "<?xml version=\"1.0\"?><ScheduleFenceData xmlns:xsd=\"http://www.w3.org/2001/XMLSchema\" xmlns:xsi=\"http://www.w3.org/2001/XMLSchema-instance\"><Priority>126</Priority><Notes>8.8%</Notes><CampaignType>DNP</CampaignType><Rating>A</Rating></ScheduleFenceData>",
        "fenceType": "ClickPoints",
        "isLocked": false,
        "fill": "#006400",
        "fill-opacity": 0.38,
        "stroke": "#006400"
      },
      "geometry": {
        "type": "Polygon",
        "coordinates": [
          [[-78.95056, 43.97333], [-78.96659, 43.96953], [-78.95951, 43.9539], [-78.94351, 43.95727], [-78.95056, 43.97333]]
        ]
      }
    },
    {
      "type": "Feature",
      "properties": {
        "id": "fence120",
        "guid": "fc63ff7c-8c2f-4e0f-9d30-7fc0d831f7fe",
        "text": "A-130",
        "external": "<?xml version=\"1.0\"?><ScheduleFenceData xmlns:xsd=\"http://www.w3.org/2001/XMLSchema\" xmlns:xsi=\"http://www.w3.org/2001/XMLSchema-instance\"><Priority>130</Priority><Notes>8%</Notes><CampaignType>DNP</CampaignType><Rating>A</Rating></ScheduleFenceData>",
        "fenceType": "ClickPoints",
        "isLocked": false,
        "fill": "#006400",
        "fill-opacity": 0.38,
        "stroke": "#006400"
      },
      "geometry": {
        "type": "Polygon",
        "coordinates": [
          [[-79.12014, 44.10924], [-79.11512, 44.09757], [-79.09959, 44.10133], [-79.10517, 44.11292], [-79.12014, 44.10924]]
        ]
      }
    },
    {
      "type": "Feature",
      "properties": {
        "id": "fence119",
        "guid": "d919d0c0-25fb-406c-bf99-49fcb204f31a",
        "text": "A-131",
        "external": "<?xml version=\"1.0\"?><ScheduleFenceData xmlns:xsd=\"http://www.w3.org/2001/XMLSchema\" xmlns:xsi=\"http://www.w3.org/2001/XMLSchema-instance\"><Priority>131</Priority><Notes>7.6%</Notes><CampaignType>DNP</CampaignType><Rating>A</Rating></ScheduleFenceData>",
        "fenceType": "ClickPoints",
        "isLocked": false,
        "fill": "#006400",
        "fill-opacity": 0.38,
        "stroke": "#006400"
      },
      "geometry": {
        "type": "Polygon",
        "coordinates": [
          [[-79.12014, 44.1093], [-79.10512, 44.11298], [-79.10993, 44.12025], [-79.12444, 44.11868], [-79.12014, 44.1093]]
        ]
      }
    },
    {
      "type": "Feature",
      "properties": {
        "id": "fence120",
        "guid": "0a3a8e45-b910-4d4b-9e66-16bdd1b44ec0",
        "text": "A-132",
        "external": "<?xml version=\"1.0\"?><ScheduleFenceData xmlns:xsd=\"http://www.w3.org/2001/XMLSchema\" xmlns:xsi=\"http://www.w3.org/2001/XMLSchema-instance\"><Priority>132</Priority><Notes>7%</Notes><CampaignType>DNP</CampaignType><Rating>A</Rating></ScheduleFenceData>",
        "fenceType": "ClickPoints",
        "isLocked": false,
        "fill": "#006400",
        "fill-opacity": 0.38,
        "stroke": "#006400"
      },
      "geometry": {
        "type": "Polygon",
        "coordinates": [
          [[-79.14491, 44.10398], [-79.13482, 44.10605], [-79.12027, 44.10916], [-79.12555, 44.1209], [-79.13916, 44.11569], [-79.14821, 44.11206], [-79.14491, 44.10398]]
        ]
      }
    },
    {
      "type": "Feature",
      "properties": {
        "id": "fence121",
        "guid": "ebc018fe-2b10-4ea1-9bdb-019a7f51af01",
        "text": "A-112",
        "external": "<?xml version=\"1.0\"?><ScheduleFenceData xmlns:xsd=\"http://www.w3.org/2001/XMLSchema\" xmlns:xsi=\"http://www.w3.org/2001/XMLSchema-instance\"><Priority>112</Priority><Notes>4.7%</Notes><CampaignType>DNP</CampaignType><Rating>A</Rating></ScheduleFenceData>",
        "fenceType": "ClickPoints",
        "isLocked": false,
        "fill": "#006400",
        "fill-opacity": 0.38,
        "stroke": "#006400"
      },
      "geometry": {
        "type": "Polygon",
        "coordinates": [
          [[-78.81317, 43.88466], [-78.80364, 43.87909], [-78.79875, 43.87649], [-78.79292, 43.87531], [-78.78922, 43.87587], [-78.79429, 43.88738], [-78.79386, 43.88948], [-78.79334, 43.89028], [-78.79364, 43.89199], [-78.79635, 43.89158], [-78.79927, 43.89208], [-78.80176, 43.89233], [-78.80639, 43.89115], [-78.80922, 43.8909], [-78.81343, 43.89004], [-78.82519, 43.88713], [-78.82536, 43.88713], [-78.81317, 43.88466]]
        ]
      }
    },
    {
      "type": "Feature",
      "properties": {
        "id": "fence122",
        "guid": "52d54c3d-7a2f-4003-a304-efb1050570aa",
        "text": "A-111",
        "external": "<?xml version=\"1.0\"?><ScheduleFenceData xmlns:xsd=\"http://www.w3.org/2001/XMLSchema\" xmlns:xsi=\"http://www.w3.org/2001/XMLSchema-instance\"><Priority>111</Priority><Notes>6.8%</Notes><CampaignType>DNP</CampaignType><Rating>A</Rating></ScheduleFenceData>",
        "fenceType": "ClickPoints",
        "isLocked": false,
        "fill": "#006400",
        "fill-opacity": 0.38,
        "stroke": "#006400"
      },
      "geometry": {
        "type": "Polygon",
        "coordinates": [
          [[-78.80545, 43.90729], [-78.80304, 43.90136], [-78.8057, 43.89931], [-78.81017, 43.89734], [-78.81858, 43.89443], [-78.81858, 43.89288], [-78.81815, 43.89022], [-78.81763, 43.88923], [-78.81343, 43.8901], [-78.80922, 43.89097], [-78.8063, 43.89127], [-78.80167, 43.89239], [-78.79927, 43.89214], [-78.79618, 43.89177], [-78.79377, 43.89208], [-78.79566, 43.90355], [-78.79789, 43.90844], [-78.79922, 43.90807], [-78.80545, 43.90729]]
        ]
      }
    },
    {
      "type": "Feature",
      "properties": {
        "id": "fence123",
        "guid": "8ef2f681-955e-46ed-bf2c-98dd692436de",
        "text": "A-108",
        "external": "<?xml version=\"1.0\"?><ScheduleFenceData xmlns:xsd=\"http://www.w3.org/2001/XMLSchema\" xmlns:xsi=\"http://www.w3.org/2001/XMLSchema-instance\"><Priority>108</Priority><Notes>4.7%</Notes><CampaignType>DNP</CampaignType><Rating>A</Rating></ScheduleFenceData>",
        "fenceType": "ClickPoints",
        "isLocked": false,
        "fill": "#006400",
        "fill-opacity": 0.38,
        "stroke": "#006400"
      },
      "geometry": {
        "type": "Polygon",
        "coordinates": [
          [[-78.79364, 43.89202], [-78.75665, 43.90077], [-78.76378, 43.91357], [-78.77553, 43.9131], [-78.78081, 43.9111], [-78.78837, 43.91094], [-78.7894, 43.91097], [-78.79772, 43.90856], [-78.79562, 43.90361], [-78.79364, 43.89202]]
        ]
      }
    },
    {
      "type": "Feature",
      "properties": {
        "id": "fence124",
        "guid": "d6489631-f02e-404b-a020-881451e12e2f",
        "text": "A-113",
        "external": "<?xml version=\"1.0\"?><ScheduleFenceData xmlns:xsd=\"http://www.w3.org/2001/XMLSchema\" xmlns:xsi=\"http://www.w3.org/2001/XMLSchema-instance\"><Priority>113</Priority><Notes>5%</Notes><CampaignType>DNP</CampaignType><Rating>A</Rating></ScheduleFenceData>",
        "fenceType": "ClickPoints",
        "isLocked": false,
        "fill": "#006400",
        "fill-opacity": 0.38,
        "stroke": "#006400"
      },
      "geometry": {
        "type": "Polygon",
        "coordinates": [
          [[-78.82656, 43.88701], [-78.81815, 43.88905], [-78.81931, 43.89449], [-78.81871, 43.89461], [-78.80661, 43.89913], [-78.80334, 43.90129], [-78.80562, 43.9072], [-78.82098, 43.90565], [-78.82351, 43.90562], [-78.82686, 43.90584], [-78.83403, 43.90436], [-78.82656, 43.88701]]
        ]
      }
    },
    {
      "type": "Feature",
      "properties": {
        "id": "fence125",
        "guid": "55e06049-f949-4975-afc7-73e485f9d35f",
        "text": "A-110",
        "external": "<?xml version=\"1.0\"?><ScheduleFenceData xmlns:xsd=\"http://www.w3.org/2001/XMLSchema\" xmlns:xsi=\"http://www.w3.org/2001/XMLSchema-instance\"><Priority>110</Priority><Notes>5.7%</Notes><CampaignType>DNP</CampaignType><Rating>A</Rating></ScheduleFenceData>",
        "fenceType": "ClickPoints",
        "isLocked": false,
        "fill": "#006400",
        "fill-opacity": 0.38,
        "stroke": "#006400"
      },
      "geometry": {
        "type": "Polygon",
        "coordinates": [
          [[-78.79807, 43.93202], [-78.82223, 43.92634], [-78.81836, 43.91734], [-78.81433, 43.91836], [-78.81266, 43.91428], [-78.81645, 43.91328], [-78.8136, 43.90649], [-78.80545, 43.90742], [-78.79995, 43.90816], [-78.80176, 43.91137], [-78.80279, 43.92294], [-78.79807, 43.93202]]
        ]
      }
    },
    {
      "type": "Feature",
      "properties": {
        "id": "fence125",
        "guid": "28dadd23-806a-4ad9-a803-88d208367b6a",
        "text": "A-120",
        "external": "<?xml version=\"1.0\"?><ScheduleFenceData xmlns:xsd=\"http://www.w3.org/2001/XMLSchema\" xmlns:xsi=\"http://www.w3.org/2001/XMLSchema-instance\"><Priority>120</Priority><Notes>6%</Notes><CampaignType>DNP</CampaignType><Rating>A</Rating></ScheduleFenceData>",
        "fenceType": "ClickPoints",
        "isLocked": false,
        "fill": "#006400",
        "fill-opacity": 0.38,
        "stroke": "#006400"
      },
      "geometry": {
        "type": "Polygon",
        "coordinates": [
          [[-78.86939, 43.93542], [-78.85935, 43.93752], [-78.86694, 43.9545], [-78.88454, 43.95044], [-78.86939, 43.93542]]
        ]
      }
    },
    {
      "type": "Feature",
      "properties": {
        "id": "fence126",
        "guid": "128d77b6-c7bb-4a9d-a848-2e5ff6654a72",
        "text": "A-207",
        "external": "<?xml version=\"1.0\"?><ScheduleFenceData xmlns:xsd=\"http://www.w3.org/2001/XMLSchema\" xmlns:xsi=\"http://www.w3.org/2001/XMLSchema-instance\"><Priority>207</Priority><Notes>4.4</Notes><CampaignType>DNP</CampaignType><Rating>A</Rating></ScheduleFenceData>",
        "fenceType": "ClickPoints",
        "isLocked": false,
        "fill": "#006400",
        "fill-opacity": 0.38,
        "stroke": "#006400"
      },
      "geometry": {
        "type": "Polygon",
        "coordinates": [
          [[-79.58213, 43.6508], [-79.56728, 43.65415], [-79.57432, 43.67129], [-79.58582, 43.66936], [-79.59157, 43.66216], [-79.59157, 43.66197], [-79.58213, 43.6508]]
        ]
      }
    },
    {
      "type": "Feature",
      "properties": {
        "id": "fence127",
        "guid": "b3d85312-a04d-46fd-96c0-89dd8b3160d0",
        "text": "A-208",
        "external": "<?xml version=\"1.0\"?><ScheduleFenceData xmlns:xsd=\"http://www.w3.org/2001/XMLSchema\" xmlns:xsi=\"http://www.w3.org/2001/XMLSchema-instance\"><Priority>208</Priority><Notes>4.8</Notes><CampaignType>DNP</CampaignType><Rating>A</Rating></ScheduleFenceData>",
        "fenceType": "ClickPoints",
        "isLocked": false,
        "fill": "#006400",
        "fill-opacity": 0.38,
        "stroke": "#006400"
      },
      "geometry": {
        "type": "Polygon",
        "coordinates": [
          [[-79.58436, 43.63912], [-79.58196, 43.64086], [-79.56376, 43.64539], [-79.56711, 43.65396], [-79.58221, 43.65067], [-79.59097, 43.64527], [-79.58436, 43.63912]]
        ]
      }
    },
    {
      "type": "Feature",
      "properties": {
        "id": "fence128",
        "guid": "0c3e29e2-13cf-4582-bd37-979bdd4ede9b",
        "text": "A-209",
        "external": "<?xml version=\"1.0\"?><ScheduleFenceData xmlns:xsd=\"http://www.w3.org/2001/XMLSchema\" xmlns:xsi=\"http://www.w3.org/2001/XMLSchema-instance\"><Priority>209</Priority><Notes>3.9%</Notes><CampaignType>DNP</CampaignType><Rating>A</Rating></ScheduleFenceData>",
        "fenceType": "ClickPoints",
        "isLocked": false,
        "fill": "#006400",
        "fill-opacity": 0.38,
        "stroke": "#006400"
      },
      "geometry": {
        "type": "Polygon",
        "coordinates": [
          [[-79.55681, 43.62843], [-79.56359, 43.64514], [-79.58213, 43.64061], [-79.58427, 43.63893], [-79.58496, 43.63079], [-79.57861, 43.62638], [-79.56762, 43.62495], [-79.55681, 43.62843]]
        ]
      }
    },
    {
      "type": "Feature",
      "properties": {
        "id": "fence129",
        "guid": "65e3d475-2cbe-45ce-844e-f707d2e5bf27",
        "text": "A-200",
        "external": "<?xml version=\"1.0\"?><ScheduleFenceData xmlns:xsd=\"http://www.w3.org/2001/XMLSchema\" xmlns:xsi=\"http://www.w3.org/2001/XMLSchema-instance\"><Priority>200</Priority><Notes>2.3</Notes><CampaignType>DNP</CampaignType><Rating>A</Rating></ScheduleFenceData>",
        "fenceType": "ClickPoints",
        "isLocked": false,
        "fill": "#006400",
        "fill-opacity": 0.38,
        "stroke": "#006400"
      },
      "geometry": {
        "type": "Polygon",
        "coordinates": [
          [[-79.53612, 43.71367], [-79.53097, 43.70368], [-79.51226, 43.69605], [-79.50265, 43.69773], [-79.50849, 43.71696], [-79.51982, 43.71647], [-79.53612, 43.71367]]
        ]
      }
    },
    {
      "type": "Feature",
      "properties": {
        "id": "fence130",
        "guid": "d2bd00c6-997d-4029-8dc1-1892966e7ddf",
        "text": "A-204",
        "external": "<?xml version=\"1.0\"?><ScheduleFenceData xmlns:xsd=\"http://www.w3.org/2001/XMLSchema\" xmlns:xsi=\"http://www.w3.org/2001/XMLSchema-instance\"><Priority>204</Priority><Notes>2%</Notes><CampaignType>DNP</CampaignType><Rating>A</Rating></ScheduleFenceData>",
        "fenceType": "ClickPoints",
        "isLocked": false,
        "fill": "#006400",
        "fill-opacity": 0.38,
        "stroke": "#006400"
      },
      "geometry": {
        "type": "Polygon",
        "coordinates": [
          [[-79.55071, 43.67731], [-79.56196, 43.70095], [-79.57054, 43.69165], [-79.57827, 43.67638], [-79.5744, 43.67228], [-79.55071, 43.67731]]
        ]
      }
    },
    {
      "type": "Feature",
      "properties": {
        "id": "fence131",
        "guid": "a39e880c-7bab-417a-a533-da25c8c23cd5",
        "text": "A-203",
        "external": "<?xml version=\"1.0\"?><ScheduleFenceData xmlns:xsd=\"http://www.w3.org/2001/XMLSchema\" xmlns:xsi=\"http://www.w3.org/2001/XMLSchema-instance\"><Priority>203</Priority><Notes>3.7</Notes><CampaignType>DNP</CampaignType><Rating>A</Rating></ScheduleFenceData>",
        "fenceType": "ClickPoints",
        "isLocked": false,
        "fill": "#006400",
        "fill-opacity": 0.38,
        "stroke": "#006400"
      },
      "geometry": {
        "type": "Polygon",
        "coordinates": [
          [[-79.55054, 43.67737], [-79.53921, 43.67985], [-79.54668, 43.69692], [-79.55853, 43.69438], [-79.55054, 43.67737]]
        ]
      }
    },
    {
      "type": "Feature",
      "properties": {
        "id": "fence132",
        "guid": "0da8eaba-c863-4c80-9ff5-eb94910850af",
        "text": "A-202",
        "external": "<?xml version=\"1.0\"?><ScheduleFenceData xmlns:xsd=\"http://www.w3.org/2001/XMLSchema\" xmlns:xsi=\"http://www.w3.org/2001/XMLSchema-instance\"><Priority>202</Priority><Notes>3.6%</Notes><CampaignType>DNP</CampaignType><Rating>A</Rating></ScheduleFenceData>",
        "fenceType": "ClickPoints",
        "isLocked": false,
        "fill": "#006400",
        "fill-opacity": 0.38,
        "stroke": "#006400"
      },
      "geometry": {
        "type": "Polygon",
        "coordinates": [
          [[-79.53432, 43.69984], [-79.54642, 43.69692], [-79.53655, 43.67402], [-79.52411, 43.67644], [-79.53432, 43.69984]]
        ]
      }
    },
    {
      "type": "Feature",
      "properties": {
        "id": "fence133",
        "guid": "8f3e623e-4a4f-4ca6-ac79-c263fee91898",
        "text": "A-201",
        "external": "<?xml version=\"1.0\"?><ScheduleFenceData xmlns:xsd=\"http://www.w3.org/2001/XMLSchema\" xmlns:xsi=\"http://www.w3.org/2001/XMLSchema-instance\"><Priority>201</Priority><Notes>2.9</Notes><CampaignType>DNP</CampaignType><Rating>A</Rating></ScheduleFenceData>",
        "fenceType": "ClickPoints",
        "isLocked": false,
        "fill": "#006400",
        "fill-opacity": 0.38,
        "stroke": "#006400"
      },
      "geometry": {
        "type": "Polygon",
        "coordinates": [
          [[-79.51261, 43.69599], [-79.53106, 43.70356], [-79.53432, 43.70015], [-79.52394, 43.67638], [-79.50694, 43.67346], [-79.51261, 43.69599]]
        ]
      }
    },
    {
      "type": "Feature",
      "properties": {
        "id": "fence134",
        "guid": "4c074678-f87e-482a-8398-3788035555c8",
        "text": "A-206",
        "external": "<?xml version=\"1.0\"?><ScheduleFenceData xmlns:xsd=\"http://www.w3.org/2001/XMLSchema\" xmlns:xsi=\"http://www.w3.org/2001/XMLSchema-instance\"><Priority>206</Priority><Notes>4.9%</Notes><CampaignType>DNP</CampaignType><Rating>A</Rating></ScheduleFenceData>",
        "fenceType": "ClickPoints",
        "isLocked": false,
        "fill": "#006400",
        "fill-opacity": 0.38,
        "stroke": "#006400"
      },
      "geometry": {
        "type": "Polygon",
        "coordinates": [
          [[-79.54865, 43.66228], [-79.5641, 43.67402], [-79.57432, 43.67216], [-79.56702, 43.65427], [-79.54728, 43.65899], [-79.54865, 43.66228]]
        ]
      }
    },
    {
      "type": "Feature",
      "properties": {
        "id": "fence135",
        "guid": "26a0f234-efc7-45dc-acee-5486f5daf536",
        "text": "A-205",
        "external": "<?xml version=\"1.0\"?><ScheduleFenceData xmlns:xsd=\"http://www.w3.org/2001/XMLSchema\" xmlns:xsi=\"http://www.w3.org/2001/XMLSchema-instance\"><Priority>205</Priority><Notes>5.6%</Notes><CampaignType>DNP</CampaignType><Rating>A</Rating></ScheduleFenceData>",
        "fenceType": "ClickPoints",
        "isLocked": false,
        "fill": "#006400",
        "fill-opacity": 0.38,
        "stroke": "#006400"
      },
      "geometry": {
        "type": "Polygon",
        "coordinates": [
          [[-79.53132, 43.66247], [-79.5393, 43.67967], [-79.5641, 43.67427], [-79.54831, 43.66228], [-79.54702, 43.65899], [-79.53132, 43.66247]]
        ]
      }
    },
    {
      "type": "Feature",
      "properties": {
        "id": "fence137",
        "guid": "2fba0911-aeba-444b-a089-431e43edb901",
        "text": "B-233",
        "external": "<?xml version=\"1.0\"?><ScheduleFenceData xmlns:xsd=\"http://www.w3.org/2001/XMLSchema\" xmlns:xsi=\"http://www.w3.org/2001/XMLSchema-instance\"><Priority>233</Priority><Notes>5.2%</Notes><CampaignType>DNP</CampaignType><Rating>B</Rating></ScheduleFenceData>",
        "fenceType": "ClickPoints",
        "isLocked": false,
        "fill": "#008080",
        "fill-opacity": 0.25,
        "stroke": "#008080"
      },
      "geometry": {
        "type": "Polygon",
        "coordinates": [
          [[-79.15066, 43.78752], [-79.14173, 43.76434], [-79.13315, 43.77041], [-79.14096, 43.78975], [-79.15066, 43.78752]]
        ]
      }
    },
    {
      "type": "Feature",
      "properties": {
        "id": "fence138",
        "guid": "ff45619b-7d5e-4753-bee4-c57183fbd355",
        "text": "B-232",
        "external": "<?xml version=\"1.0\"?><ScheduleFenceData xmlns:xsd=\"http://www.w3.org/2001/XMLSchema\" xmlns:xsi=\"http://www.w3.org/2001/XMLSchema-instance\"><Priority>232</Priority><Notes>6.7%</Notes><CampaignType>DNP</CampaignType><Rating>B</Rating></ScheduleFenceData>",
        "fenceType": "ClickPoints",
        "isLocked": false,
        "fill": "#008080",
        "fill-opacity": 0.25,
        "stroke": "#008080"
      },
      "geometry": {
        "type": "Polygon",
        "coordinates": [
          [[-79.16911, 43.7812], [-79.14937, 43.77029], [-79.14881, 43.76892], [-79.14418, 43.7705], [-79.15092, 43.78758], [-79.14456, 43.78903], [-79.14744, 43.79644], [-79.16336, 43.78522], [-79.16911, 43.7812]]
        ]
      }
    },
    {
      "type": "Feature",
      "properties": {
        "id": "fence139",
        "guid": "f43eeed3-43f1-4337-a3a9-d394ba84a03f",
        "text": "B-234",
        "external": "<?xml version=\"1.0\"?><ScheduleFenceData xmlns:xsd=\"http://www.w3.org/2001/XMLSchema\" xmlns:xsi=\"http://www.w3.org/2001/XMLSchema-instance\"><Priority>234</Priority><Notes>5%</Notes><CampaignType>DNP</CampaignType><Rating>B</Rating></ScheduleFenceData>",
        "fenceType": "ClickPoints",
        "isLocked": false,
        "fill": "#008080",
        "fill-opacity": 0.25,
        "stroke": "#008080"
      },
      "geometry": {
        "type": "Polygon",
        "coordinates": [
          [[-79.11306, 43.78646], [-79.13461, 43.80356], [-79.14731, 43.79662], [-79.14431, 43.78913], [-79.14087, 43.78993], [-79.13289, 43.77041], [-79.11306, 43.78646]]
        ]
      }
    },
    {
      "type": "Feature",
      "properties": {
        "id": "fence141",
        "guid": "9bd856d0-80f4-4614-8d08-fbfdbcecccc9",
        "text": "C-231",
        "external": "<?xml version=\"1.0\"?><ScheduleFenceData xmlns:xsd=\"http://www.w3.org/2001/XMLSchema\" xmlns:xsi=\"http://www.w3.org/2001/XMLSchema-instance\"><Priority>231</Priority><CampaignType>DNP</CampaignType><Rating>C</Rating></ScheduleFenceData>",
        "fenceType": "ClickPoints",
        "isLocked": false,
        "fill": "#FA8072",
        "fill-opacity": 0.25,
        "stroke": "#FA8072"
      },
      "geometry": {
        "type": "Polygon",
        "coordinates": [
          [[-79.17237, 43.77751], [-79.17593, 43.77522], [-79.18383, 43.77394], [-79.18731, 43.77041], [-79.18164, 43.75801], [-79.14366, 43.76505], [-79.14594, 43.76979], [-79.1489, 43.76874], [-79.14967, 43.77026], [-79.16963, 43.78113], [-79.17237, 43.77751]]
        ]
      }
    },
    {
      "type": "Feature",
      "properties": {
        "id": "fence141",
        "guid": "fe075a9b-fc05-433e-a1bb-73a2f42500de",
        "text": "B-224",
        "external": "<?xml version=\"1.0\"?><ScheduleFenceData xmlns:xsd=\"http://www.w3.org/2001/XMLSchema\" xmlns:xsi=\"http://www.w3.org/2001/XMLSchema-instance\"><Priority>224</Priority><Notes>6.5%</Notes><CampaignType>DNP</CampaignType><Rating>B</Rating></ScheduleFenceData>",
        "fenceType": "ClickPoints",
        "isLocked": false,
        "fill": "#008080",
        "fill-opacity": 0.25,
        "stroke": "#008080"
      },
      "geometry": {
        "type": "Polygon",
        "coordinates": [
          [[-79.18877, 43.7471], [-79.20198, 43.74676], [-79.20615, 43.74961], [-79.20894, 43.74654], [-79.22542, 43.73141], [-79.20902, 43.72434], [-79.18877, 43.7471]]
        ]
      }
    },
    {
      "type": "Feature",
      "properties": {
        "id": "fence142",
        "guid": "45d74b1d-11c8-4dbb-8d1c-ecdb6d767644",
        "text": "B-225",
        "external": "<?xml version=\"1.0\"?><ScheduleFenceData xmlns:xsd=\"http://www.w3.org/2001/XMLSchema\" xmlns:xsi=\"http://www.w3.org/2001/XMLSchema-instance\"><Priority>225</Priority><Notes>5.7%</Notes><CampaignType>DNP</CampaignType><Rating>B</Rating></ScheduleFenceData>",
        "fenceType": "ClickPoints",
        "isLocked": false,
        "fill": "#008080",
        "fill-opacity": 0.25,
        "stroke": "#008080"
      },
      "geometry": {
        "type": "Polygon",
        "coordinates": [
          [[-79.18877, 43.74723], [-79.17186, 43.75578], [-79.17297, 43.75913], [-79.19246, 43.75628], [-79.20181, 43.75461], [-79.20602, 43.74968], [-79.20186, 43.74682], [-79.18877, 43.74723]]
        ]
      }
    },
    {
      "type": "Feature",
      "properties": {
        "id": "fence143",
        "guid": "461c4e5a-b976-46a5-8d73-1db1e0a3f178",
        "text": "B-229",
        "external": "<?xml version=\"1.0\"?><ScheduleFenceData xmlns:xsd=\"http://www.w3.org/2001/XMLSchema\" xmlns:xsi=\"http://www.w3.org/2001/XMLSchema-instance\"><Priority>229</Priority><Notes>2.6</Notes><CampaignType>DNP</CampaignType><Rating>B</Rating></ScheduleFenceData>",
        "fenceType": "ClickPoints",
        "isLocked": false,
        "fill": "#008080",
        "fill-opacity": 0.25,
        "stroke": "#008080"
      },
      "geometry": {
        "type": "Polygon",
        "coordinates": [
          [[-79.22241, 43.77853], [-79.21572, 43.76186], [-79.20044, 43.76514], [-79.20533, 43.78231], [-79.22241, 43.77853]]
        ]
      }
    },
    {
      "type": "Feature",
      "properties": {
        "id": "fence144",
        "guid": "08de642a-919c-4bb2-b02f-469a994a1d82",
        "text": "B-228",
        "external": "<?xml version=\"1.0\"?><ScheduleFenceData xmlns:xsd=\"http://www.w3.org/2001/XMLSchema\" xmlns:xsi=\"http://www.w3.org/2001/XMLSchema-instance\"><Priority>228</Priority><Notes>2.6</Notes><CampaignType>DNP</CampaignType><Rating>B</Rating></ScheduleFenceData>",
        "fenceType": "ClickPoints",
        "isLocked": false,
        "fill": "#008080",
        "fill-opacity": 0.25,
        "stroke": "#008080"
      },
      "geometry": {
        "type": "Polygon",
        "coordinates": [
          [[-79.22344, 43.75374], [-79.21246, 43.75337], [-79.20053, 43.76496], [-79.21606, 43.76161], [-79.21597, 43.76195], [-79.22267, 43.77859], [-79.23185, 43.77636], [-79.22344, 43.75374]]
        ]
      }
    },
    {
      "type": "Feature",
      "properties": {
        "id": "fence145",
        "guid": "52956215-a072-4c19-b6cf-cef1fbb02a90",
        "text": "B-235",
        "external": "<?xml version=\"1.0\"?><ScheduleFenceData xmlns:xsd=\"http://www.w3.org/2001/XMLSchema\" xmlns:xsi=\"http://www.w3.org/2001/XMLSchema-instance\"><Priority>235</Priority><Notes>3%</Notes><CampaignType>DNP</CampaignType><Rating>B</Rating></ScheduleFenceData>",
        "fenceType": "ClickPoints",
        "isLocked": false,
        "fill": "#008080",
        "fill-opacity": 0.25,
        "stroke": "#008080"
      },
      "geometry": {
        "type": "Polygon",
        "coordinates": [
          [[-79.18756, 43.79777], [-79.18164, 43.7833], [-79.16963, 43.78113], [-79.14946, 43.79532], [-79.17091, 43.79997], [-79.18756, 43.79777]]
        ]
      }
    },
    {
      "type": "Feature",
      "properties": {
        "id": "fence146",
        "guid": "ac8be1af-49b1-4fc1-8b9a-076ccaeaff07",
        "text": "B-230",
        "external": "<?xml version=\"1.0\"?><ScheduleFenceData xmlns:xsd=\"http://www.w3.org/2001/XMLSchema\" xmlns:xsi=\"http://www.w3.org/2001/XMLSchema-instance\"><Priority>230</Priority><Notes>5.4</Notes><CampaignType>DNP</CampaignType><Rating>B</Rating></ScheduleFenceData>",
        "fenceType": "ClickPoints",
        "isLocked": false,
        "fill": "#008080",
        "fill-opacity": 0.25,
        "stroke": "#008080"
      },
      "geometry": {
        "type": "Polygon",
        "coordinates": [
          [[-79.20482, 43.78271], [-79.20722, 43.7873], [-79.2134, 43.79095], [-79.21477, 43.7939], [-79.23546, 43.7856], [-79.23194, 43.77661], [-79.20482, 43.78271]]
        ]
      }
    },
    {
      "type": "Feature",
      "properties": {
        "id": "fence147",
        "guid": "d9309f35-70de-4282-b5b2-4ce94e256131",
        "text": "B-227",
        "external": "<?xml version=\"1.0\"?><ScheduleFenceData xmlns:xsd=\"http://www.w3.org/2001/XMLSchema\" xmlns:xsi=\"http://www.w3.org/2001/XMLSchema-instance\"><Priority>227</Priority><Notes>3.1</Notes><CampaignType>DNP</CampaignType><Rating>B</Rating></ScheduleFenceData>",
        "fenceType": "ClickPoints",
        "isLocked": false,
        "fill": "#008080",
        "fill-opacity": 0.25,
        "stroke": "#008080"
      },
      "geometry": {
        "type": "Polygon",
        "coordinates": [
          [[-79.25159, 43.77227], [-79.24541, 43.75597], [-79.22593, 43.75994], [-79.2322, 43.77642], [-79.25159, 43.77227]]
        ]
      }
    },
    {
      "type": "Feature",
      "properties": {
        "id": "fence148",
        "guid": "ca273f58-a7a7-4c7b-a13c-bc7359bb4840",
        "text": "B-226",
        "external": "<?xml version=\"1.0\"?><ScheduleFenceData xmlns:xsd=\"http://www.w3.org/2001/XMLSchema\" xmlns:xsi=\"http://www.w3.org/2001/XMLSchema-instance\"><Priority>226</Priority><Notes>2.2</Notes><CampaignType>DNP</CampaignType><Rating>B</Rating></ScheduleFenceData>",
        "fenceType": "ClickPoints",
        "isLocked": false,
        "fill": "#008080",
        "fill-opacity": 0.25,
        "stroke": "#008080"
      },
      "geometry": {
        "type": "Polygon",
        "coordinates": [
          [[-79.21924, 43.7432], [-79.22602, 43.75987], [-79.24533, 43.75578], [-79.24447, 43.75256], [-79.24507, 43.74338], [-79.24301, 43.73762], [-79.21924, 43.7432]]
        ]
      }
    },
    {
      "type": "Feature",
      "properties": {
        "id": "fence149",
        "guid": "8334b1e2-f857-4508-b1f2-f117d1cdc319",
        "text": "B-222",
        "external": "<?xml version=\"1.0\"?><ScheduleFenceData xmlns:xsd=\"http://www.w3.org/2001/XMLSchema\" xmlns:xsi=\"http://www.w3.org/2001/XMLSchema-instance\"><Priority>222</Priority><Notes>2.0</Notes><CampaignType>DNP</CampaignType><Rating>B</Rating></ScheduleFenceData>",
        "fenceType": "ClickPoints",
        "isLocked": false,
        "fill": "#008080",
        "fill-opacity": 0.25,
        "stroke": "#008080"
      },
      "geometry": {
        "type": "Polygon",
        "coordinates": [
          [[-79.24335, 43.71584], [-79.24799, 43.71144], [-79.25486, 43.6999], [-79.26172, 43.6932], [-79.27202, 43.68699], [-79.27958, 43.68215], [-79.28473, 43.68066], [-79.2782, 43.66737], [-79.23803, 43.7004], [-79.24335, 43.71584]]
        ]
      }
    },
    {
      "type": "Feature",
      "properties": {
        "id": "fence150",
        "guid": "737f0c18-5bea-4521-a97b-3af0d2c62e3f",
        "text": "B-223",
        "external": "<?xml version=\"1.0\"?><ScheduleFenceData xmlns:xsd=\"http://www.w3.org/2001/XMLSchema\" xmlns:xsi=\"http://www.w3.org/2001/XMLSchema-instance\"><Priority>223</Priority><Notes>5.4%</Notes><CampaignType>DNP</CampaignType><Rating>B</Rating></ScheduleFenceData>",
        "fenceType": "ClickPoints",
        "isLocked": false,
        "fill": "#008080",
        "fill-opacity": 0.25,
        "stroke": "#008080"
      },
      "geometry": {
        "type": "Polygon",
        "coordinates": [
          [[-79.20962, 43.7241], [-79.22576, 43.73117], [-79.2431, 43.71609], [-79.23838, 43.70189], [-79.20962, 43.7241]]
        ]
      }
    },
    {
      "type": "Feature",
      "properties": {
        "id": "fence151",
        "guid": "6ca0adff-197b-407f-8296-0eb6c2f6c780",
        "text": "B-220",
        "external": "<?xml version=\"1.0\"?><ScheduleFenceData xmlns:xsd=\"http://www.w3.org/2001/XMLSchema\" xmlns:xsi=\"http://www.w3.org/2001/XMLSchema-instance\"><Priority>220</Priority><Notes>1.9</Notes><CampaignType>DNP</CampaignType><Rating>B</Rating></ScheduleFenceData>",
        "fenceType": "ClickPoints",
        "isLocked": false,
        "fill": "#008080",
        "fill-opacity": 0.25,
        "stroke": "#008080"
      },
      "geometry": {
        "type": "Polygon",
        "coordinates": [
          [[-79.55784, 43.60513], [-79.55612, 43.59898], [-79.54488, 43.6014], [-79.52153, 43.60432], [-79.52745, 43.61756], [-79.5508, 43.61334], [-79.55784, 43.60513]]
        ]
      }
    },
    {
      "type": "Feature",
      "properties": {
        "id": "fence152",
        "guid": "5bf47c30-1970-4fe2-ac82-58e4c081cb5a",
        "text": "B-216",
        "external": "<?xml version=\"1.0\"?><ScheduleFenceData xmlns:xsd=\"http://www.w3.org/2001/XMLSchema\" xmlns:xsi=\"http://www.w3.org/2001/XMLSchema-instance\"><Priority>216</Priority><Notes>1.8%</Notes><CampaignType>DNP</CampaignType><Rating>B</Rating></ScheduleFenceData>",
        "fenceType": "ClickPoints",
        "isLocked": false,
        "fill": "#008080",
        "fill-opacity": 0.25,
        "stroke": "#008080"
      },
      "geometry": {
        "type": "Polygon",
        "coordinates": [
          [[-79.52351, 43.64477], [-79.51286, 43.62104], [-79.48711, 43.62651], [-79.49132, 43.62787], [-79.49484, 43.63135], [-79.49853, 43.63232], [-79.49956, 43.63384], [-79.50222, 43.6339], [-79.50522, 43.63775], [-79.50763, 43.63763], [-79.51149, 43.64726], [-79.52351, 43.64477]]
        ]
      }
    },
    {
      "type": "Feature",
      "properties": {
        "id": "fence153",
        "guid": "2c48dc47-2e7c-48f7-9d4e-d777d1144bef",
        "text": "B-215",
        "external": "<?xml version=\"1.0\"?><ScheduleFenceData xmlns:xsd=\"http://www.w3.org/2001/XMLSchema\" xmlns:xsi=\"http://www.w3.org/2001/XMLSchema-instance\"><Priority>215</Priority><Notes>2.6%</Notes><CampaignType>DNP</CampaignType><Rating>B</Rating></ScheduleFenceData>",
        "fenceType": "ClickPoints",
        "isLocked": false,
        "fill": "#008080",
        "fill-opacity": 0.25,
        "stroke": "#008080"
      },
      "geometry": {
        "type": "Polygon",
        "coordinates": [
          [[-79.5114, 43.64738], [-79.50746, 43.63766], [-79.5051, 43.63781], [-79.50218, 43.63396], [-79.49943, 43.6339], [-79.49844, 43.63241], [-79.49471, 43.63145], [-79.49123, 43.62787], [-79.48686, 43.62663], [-79.48111, 43.62763], [-79.4781, 43.62961], [-79.47905, 43.64179], [-79.48505, 43.64899], [-79.50248, 43.6444], [-79.50497, 43.64881], [-79.5114, 43.64738]]
        ]
      }
    },
    {
      "type": "Feature",
      "properties": {
        "id": "fence154",
        "guid": "41bb40ab-29f0-4ac8-b4c2-4d943251431b",
        "text": "A-214",
        "external": "<?xml version=\"1.0\"?><ScheduleFenceData xmlns:xsd=\"http://www.w3.org/2001/XMLSchema\" xmlns:xsi=\"http://www.w3.org/2001/XMLSchema-instance\"><Priority>214</Priority><Notes>2.6%</Notes><CampaignType>DNP</CampaignType><Rating>A</Rating></ScheduleFenceData>",
        "fenceType": "ClickPoints",
        "isLocked": false,
        "fill": "#006400",
        "fill-opacity": 0.38,
        "stroke": "#006400"
      },
      "geometry": {
        "type": "Polygon",
        "coordinates": [
          [[-79.50445, 43.64912], [-79.50171, 43.64477], [-79.49278, 43.64707], [-79.50239, 43.65353], [-79.50102, 43.65937], [-79.50574, 43.6629], [-79.51166, 43.66309], [-79.51724, 43.65794], [-79.52127, 43.64825], [-79.5205, 43.64558], [-79.50445, 43.64912]]
        ]
      }
    },
    {
      "type": "Feature",
      "properties": {
        "id": "fence155",
        "guid": "5c911b8f-9633-4cf3-a705-a4639ccafc48",
        "text": "A-213",
        "external": "<?xml version=\"1.0\"?><ScheduleFenceData xmlns:xsd=\"http://www.w3.org/2001/XMLSchema\" xmlns:xsi=\"http://www.w3.org/2001/XMLSchema-instance\"><Priority>213</Priority><Notes>4.7%</Notes><CampaignType>DNP</CampaignType><Rating>A</Rating></ScheduleFenceData>",
        "fenceType": "ClickPoints",
        "isLocked": false,
        "fill": "#006400",
        "fill-opacity": 0.38,
        "stroke": "#006400"
      },
      "geometry": {
        "type": "Polygon",
        "coordinates": [
          [[-79.52162, 43.64831], [-79.51741, 43.65787], [-79.51372, 43.66148], [-79.51389, 43.67445], [-79.52411, 43.67631], [-79.53638, 43.67383], [-79.53106, 43.66235], [-79.54299, 43.65974], [-79.54033, 43.6539], [-79.52162, 43.64831]]
        ]
      }
    },
    {
      "type": "Feature",
      "properties": {
        "id": "fence156",
        "guid": "9669f0b1-6135-4eae-8ed8-cca6dc678118",
        "text": "A-212",
        "external": "<?xml version=\"1.0\"?><ScheduleFenceData xmlns:xsd=\"http://www.w3.org/2001/XMLSchema\" xmlns:xsi=\"http://www.w3.org/2001/XMLSchema-instance\"><Priority>212</Priority><Notes>4.8</Notes><CampaignType>DNP</CampaignType><Rating>A</Rating></ScheduleFenceData>",
        "fenceType": "ClickPoints",
        "isLocked": false,
        "fill": "#006400",
        "fill-opacity": 0.38,
        "stroke": "#006400"
      },
      "geometry": {
        "type": "Polygon",
        "coordinates": [
          [[-79.54041, 43.65387], [-79.54316, 43.65977], [-79.5523, 43.65766], [-79.55106, 43.65558], [-79.54449, 43.65213], [-79.54278, 43.64561], [-79.53844, 43.63797], [-79.52707, 43.6499], [-79.54041, 43.65387]]
        ]
      }
    },
    {
      "type": "Feature",
      "properties": {
        "id": "fence157",
        "guid": "83a75d94-1909-4199-8790-93596966a428",
        "text": "A-144",
        "external": "<?xml version=\"1.0\"?><ScheduleFenceData xmlns:xsd=\"http://www.w3.org/2001/XMLSchema\" xmlns:xsi=\"http://www.w3.org/2001/XMLSchema-instance\"><Priority>144</Priority><Notes>4%</Notes><CampaignType>DNP</CampaignType><Rating>A</Rating></ScheduleFenceData>",
        "fenceType": "ClickPoints",
        "isLocked": false,
        "fill": "#006400",
        "fill-opacity": 0.38,
        "stroke": "#006400"
      },
      "geometry": {
        "type": "Polygon",
        "coordinates": [
          [[-78.86175, 43.91722], [-78.86918, 43.93514], [-78.8893, 43.9306], [-78.87969, 43.91323], [-78.86175, 43.91722]]
        ]
      }
    },
    {
      "type": "Feature",
      "properties": {
        "id": "fence158",
        "guid": "dcaabdd0-6a5e-4267-a20c-b87a3325032b",
        "text": "A-143",
        "external": "<?xml version=\"1.0\"?><ScheduleFenceData xmlns:xsd=\"http://www.w3.org/2001/XMLSchema\" xmlns:xsi=\"http://www.w3.org/2001/XMLSchema-instance\"><Priority>143</Priority><Notes>5.8%</Notes><CampaignType>DNP</CampaignType><Rating>A</Rating></ScheduleFenceData>",
        "fenceType": "ClickPoints",
        "isLocked": false,
        "fill": "#006400",
        "fill-opacity": 0.38,
        "stroke": "#006400"
      },
      "geometry": {
        "type": "Polygon",
        "coordinates": [
          [[-78.89008, 43.92955], [-78.89763, 43.92906], [-78.90793, 43.92634], [-78.90072, 43.90865], [-78.88003, 43.91323], [-78.89008, 43.92955]]
        ]
      }
    },
    {
      "type": "Feature",
      "properties": {
        "id": "fence159",
        "guid": "3d863428-3d00-4f9e-9aae-e3d4378d9707",
        "text": "B-145",
        "external": "<?xml version=\"1.0\"?><ScheduleFenceData xmlns:xsd=\"http://www.w3.org/2001/XMLSchema\" xmlns:xsi=\"http://www.w3.org/2001/XMLSchema-instance\"><Priority>145</Priority><Notes>2%</Notes><CampaignType>DNP</CampaignType><Rating>B</Rating></ScheduleFenceData>",
        "fenceType": "ClickPoints",
        "isLocked": false,
        "fill": "#008080",
        "fill-opacity": 0.25,
        "stroke": "#008080"
      },
      "geometry": {
        "type": "Polygon",
        "coordinates": [
          [[-78.8616, 43.91714], [-78.88463, 43.9121], [-78.88321, 43.9097], [-78.88029, 43.90816], [-78.87892, 43.90587], [-78.87772, 43.90507], [-78.87411, 43.89647], [-78.85454, 43.90074], [-78.85437, 43.9008], [-78.8616, 43.91714]]
        ]
      }
    },
    {
      "type": "Feature",
      "properties": {
        "id": "fence160",
        "guid": "afc55d2b-34f9-49da-9363-b6e731d39d10",
        "text": "A-149",
        "external": "<?xml version=\"1.0\"?><ScheduleFenceData xmlns:xsd=\"http://www.w3.org/2001/XMLSchema\" xmlns:xsi=\"http://www.w3.org/2001/XMLSchema-instance\"><Priority>149</Priority><Notes>4%</Notes><CampaignType>DNP</CampaignType><Rating>A</Rating></ScheduleFenceData>",
        "fenceType": "ClickPoints",
        "isLocked": false,
        "fill": "#006400",
        "fill-opacity": 0.38,
        "stroke": "#006400"
      },
      "geometry": {
        "type": "Polygon",
        "coordinates": [
          [[-78.89308, 43.89109], [-78.89308, 43.89084], [-78.8869, 43.89233], [-78.88518, 43.89369], [-78.87428, 43.89616], [-78.87806, 43.905], [-78.87918, 43.90556], [-78.88055, 43.9081], [-78.88347, 43.90946], [-78.88467, 43.91205], [-78.90072, 43.90834], [-78.89308, 43.89109]]
        ]
      }
    },
    {
      "type": "Feature",
      "properties": {
        "id": "fence161",
        "guid": "39cc588f-dd3e-495a-862c-59c9c7a9d6cc",
        "text": "A-248",
        "external": "<?xml version=\"1.0\"?><ScheduleFenceData xmlns:xsd=\"http://www.w3.org/2001/XMLSchema\" xmlns:xsi=\"http://www.w3.org/2001/XMLSchema-instance\"><Priority>248</Priority><Notes>10.5%</Notes><CampaignType>DNP</CampaignType><Rating>A</Rating></ScheduleFenceData>",
        "fenceType": "ClickPoints",
        "isLocked": false,
        "fill": "#006400",
        "fill-opacity": 0.38,
        "stroke": "#006400"
      },
      "geometry": {
        "type": "Polygon",
        "coordinates": [
          [[-79.06869, 43.85149], [-79.05569, 43.85444], [-79.06281, 43.87108], [-79.06706, 43.871], [-79.08294, 43.8677], [-79.06869, 43.85149]]
        ]
      }
    },
    {
      "type": "Feature",
      "properties": {
        "id": "fence162",
        "guid": "299e5677-4304-4f7e-8f73-b3947c469c57",
        "text": "A-257",
        "external": "<?xml version=\"1.0\"?><ScheduleFenceData xmlns:xsd=\"http://www.w3.org/2001/XMLSchema\" xmlns:xsi=\"http://www.w3.org/2001/XMLSchema-instance\"><Priority>257</Priority><Notes>4.3%</Notes><CampaignType>DNP</CampaignType><Rating>A</Rating></ScheduleFenceData>",
        "fenceType": "ClickPoints",
        "isLocked": false,
        "fill": "#006400",
        "fill-opacity": 0.38,
        "stroke": "#006400"
      },
      "geometry": {
        "type": "Polygon",
        "coordinates": [
          [[-79.02582, 43.8613], [-79.02234, 43.85304], [-79.00226, 43.85724], [-79.00715, 43.86538], [-79.02582, 43.8613]]
        ]
      }
    },
    {
      "type": "Feature",
      "properties": {
        "id": "fence163",
        "guid": "945c16de-d73b-4b4c-b6bb-0880e0ba580b",
        "text": "A-256",
        "external": "<?xml version=\"1.0\"?><ScheduleFenceData xmlns:xsd=\"http://www.w3.org/2001/XMLSchema\" xmlns:xsi=\"http://www.w3.org/2001/XMLSchema-instance\"><Priority>256</Priority><Notes>5%</Notes><CampaignType>DNP</CampaignType><Rating>A</Rating></ScheduleFenceData>",
        "fenceType": "ClickPoints",
        "isLocked": false,
        "fill": "#006400",
        "fill-opacity": 0.38,
        "stroke": "#006400"
      },
      "geometry": {
        "type": "Polygon",
        "coordinates": [
          [[-79.05534, 43.85452], [-79.05225, 43.84657], [-79.02238, 43.85288], [-79.02603, 43.86124], [-79.05534, 43.85452]]
        ]
      }
    },
    {
      "type": "Feature",
      "properties": {
        "id": "fence165",
        "guid": "0f5cb38d-b839-494c-9b01-5f9caba4af9e",
        "text": "B-79",
        "external": "<?xml version=\"1.0\"?><ScheduleFenceData xmlns:xsd=\"http://www.w3.org/2001/XMLSchema\" xmlns:xsi=\"http://www.w3.org/2001/XMLSchema-instance\"><Priority>79</Priority><CampaignType>DNP</CampaignType><Rating>B</Rating></ScheduleFenceData>",
        "fenceType": "ClickPoints",
        "isLocked": false,
        "fill": "#008080",
        "fill-opacity": 0.25,
        "stroke": "#008080"
      },
      "geometry": {
        "type": "Polygon",
        "coordinates": [
          [[-79.2885, 43.88552], [-79.26425, 43.89121], [-79.2661, 43.90021], [-79.27528, 43.89854], [-79.2864, 43.89622], [-79.28945, 43.89505], [-79.29133, 43.89468], [-79.2885, 43.88552]]
        ]
      }
    },
    {
      "type": "Feature",
      "properties": {
        "id": "fence165",
        "guid": "2d0da6c2-2029-418a-b6cf-e9fff6fd2ee0",
        "text": "A-80",
        "external": "<?xml version=\"1.0\"?><ScheduleFenceData xmlns:xsd=\"http://www.w3.org/2001/XMLSchema\" xmlns:xsi=\"http://www.w3.org/2001/XMLSchema-instance\"><Priority>80</Priority><Notes>2.7%</Notes><CampaignType>DNP</CampaignType><Rating>A</Rating></ScheduleFenceData>",
        "fenceType": "ClickPoints",
        "isLocked": false,
        "fill": "#006400",
        "fill-opacity": 0.38,
        "stroke": "#006400"
      },
      "geometry": {
        "type": "Polygon",
        "coordinates": [
          [[-79.29327, 43.90367], [-79.29138, 43.89483], [-79.28936, 43.89511], [-79.2864, 43.89632], [-79.28271, 43.89718], [-79.28485, 43.90392], [-79.27061, 43.90599], [-79.27142, 43.90875], [-79.29327, 43.90367]]
        ]
      }
    },
    {
      "type": "Feature",
      "properties": {
        "id": "fence166",
        "guid": "21f4c8a3-bc83-4867-8e5c-3daa2c3c2b4c",
        "text": "C-76",
        "external": "<?xml version=\"1.0\"?><ScheduleFenceData xmlns:xsd=\"http://www.w3.org/2001/XMLSchema\" xmlns:xsi=\"http://www.w3.org/2001/XMLSchema-instance\"><Priority>76</Priority><CampaignType>DNP</CampaignType><Rating>C</Rating></ScheduleFenceData>",
        "fenceType": "ClickPoints",
        "isLocked": false,
        "fill": "#FA8072",
        "fill-opacity": 0.25,
        "stroke": "#FA8072"
      },
      "geometry": {
        "type": "Polygon",
        "coordinates": [
          [[-79.31425, 43.8794], [-79.2897, 43.88534], [-79.29151, 43.89468], [-79.29417, 43.89437], [-79.297, 43.89431], [-79.30344, 43.89301], [-79.30876, 43.89028], [-79.31691, 43.88843], [-79.31425, 43.8794]]
        ]
      }
    },
    {
      "type": "Feature",
      "properties": {
        "id": "fence167",
        "guid": "f5ca05dc-7d6d-4504-985d-452177bd1fdd",
        "text": "C-75",
        "external": "<?xml version=\"1.0\"?><ScheduleFenceData xmlns:xsd=\"http://www.w3.org/2001/XMLSchema\" xmlns:xsi=\"http://www.w3.org/2001/XMLSchema-instance\"><Priority>75</Priority><CampaignType>DNP</CampaignType><Rating>C</Rating></ScheduleFenceData>",
        "fenceType": "ClickPoints",
        "isLocked": false,
        "fill": "#FA8072",
        "fill-opacity": 0.25,
        "stroke": "#FA8072"
      },
      "geometry": {
        "type": "Polygon",
        "coordinates": [
          [[-79.31914, 43.89764], [-79.31674, 43.88868], [-79.30884, 43.89035], [-79.30326, 43.89325], [-79.29683, 43.89449], [-79.29374, 43.89455], [-79.29159, 43.89486], [-79.29348, 43.90364], [-79.31914, 43.89764]]
        ]
      }
    },
    {
      "type": "Feature",
      "properties": {
        "id": "fence168",
        "guid": "c15b954d-6f59-4e2a-b47b-ef3c8414ef56",
        "text": "A-74",
        "external": "<?xml version=\"1.0\"?><ScheduleFenceData xmlns:xsd=\"http://www.w3.org/2001/XMLSchema\" xmlns:xsi=\"http://www.w3.org/2001/XMLSchema-instance\"><Priority>74</Priority><Notes>8%</Notes><CampaignType>DNP</CampaignType><Rating>A</Rating></ScheduleFenceData>",
        "fenceType": "ClickPoints",
        "isLocked": false,
        "fill": "#006400",
        "fill-opacity": 0.38,
        "stroke": "#006400"
      },
      "geometry": {
        "type": "Polygon",
        "coordinates": [
          [[-79.33846, 43.89313], [-79.33631, 43.88583], [-79.31704, 43.88886], [-79.31758, 43.89131], [-79.32142, 43.89089], [-79.32191, 43.89316], [-79.32073, 43.89336], [-79.32065, 43.89516], [-79.31916, 43.89499], [-79.31927, 43.89619], [-79.32148, 43.89607], [-79.32105, 43.89721], [-79.33846, 43.89313]]
        ]
      }
    },
    {
      "type": "Feature",
      "properties": {
        "id": "fence169",
        "guid": "11d106be-3a0f-4513-9c6e-5cd3a8f04d80",
        "text": "A-83",
        "external": "<?xml version=\"1.0\"?><ScheduleFenceData xmlns:xsd=\"http://www.w3.org/2001/XMLSchema\" xmlns:xsi=\"http://www.w3.org/2001/XMLSchema-instance\"><Priority>83</Priority><CampaignType>DNP</CampaignType><Rating>A</Rating></ScheduleFenceData>",
        "fenceType": "ClickPoints",
        "isLocked": false,
        "fill": "#006400",
        "fill-opacity": 0.38,
        "stroke": "#006400"
      },
      "geometry": {
        "type": "Polygon",
        "coordinates": [
          [[-79.21915, 43.9003], [-79.22108, 43.90027], [-79.2243, 43.89956], [-79.22271, 43.89369], [-79.22344, 43.89174], [-79.22314, 43.88704], [-79.22653, 43.88363], [-79.22572, 43.87992], [-79.21443, 43.88237], [-79.2155, 43.885], [-79.21263, 43.89146], [-79.21469, 43.89817], [-79.21773, 43.90089], [-79.21915, 43.9003]]
        ]
      }
    },
    {
      "type": "Feature",
      "properties": {
        "id": "fence170",
        "guid": "6673c11a-9bea-4f23-93c3-1e4155dee68c",
        "text": "A-84",
        "external": "<?xml version=\"1.0\"?><ScheduleFenceData xmlns:xsd=\"http://www.w3.org/2001/XMLSchema\" xmlns:xsi=\"http://www.w3.org/2001/XMLSchema-instance\"><Priority>84</Priority><Notes>2.4%</Notes><CampaignType>DNP</CampaignType><Rating>A</Rating></ScheduleFenceData>",
        "fenceType": "ClickPoints",
        "isLocked": false,
        "fill": "#006400",
        "fill-opacity": 0.38,
        "stroke": "#006400"
      },
      "geometry": {
        "type": "Polygon",
        "coordinates": [
          [[-79.2349, 43.87878], [-79.23147, 43.8785], [-79.22585, 43.87986], [-79.22662, 43.8836], [-79.22327, 43.88707], [-79.22348, 43.89168], [-79.2228, 43.89369], [-79.22443, 43.8995], [-79.22945, 43.89845], [-79.23297, 43.89928], [-79.23941, 43.89758], [-79.2349, 43.87878]]
        ]
      }
    },
    {
      "type": "Feature",
      "properties": {
        "id": "fence171",
        "guid": "90799e26-324f-4527-9168-21cd843957d9",
        "text": "B-82",
        "external": "<?xml version=\"1.0\"?><ScheduleFenceData xmlns:xsd=\"http://www.w3.org/2001/XMLSchema\" xmlns:xsi=\"http://www.w3.org/2001/XMLSchema-instance\"><Priority>82</Priority><CampaignType>DNP</CampaignType><Rating>B</Rating></ScheduleFenceData>",
        "fenceType": "ClickPoints",
        "isLocked": false,
        "fill": "#008080",
        "fill-opacity": 0.25,
        "stroke": "#008080"
      },
      "geometry": {
        "type": "Polygon",
        "coordinates": [
          [[-79.23945, 43.89761], [-79.23306, 43.89938], [-79.23134, 43.89894], [-79.22941, 43.89854], [-79.21791, 43.90102], [-79.22632, 43.90395], [-79.23344, 43.90436], [-79.24125, 43.90531], [-79.23945, 43.89761]]
        ]
      }
    },
    {
      "type": "Feature",
      "properties": {
        "id": "fence172",
        "guid": "b86ac5b0-6f04-4784-b5de-9c20b9d0e69a",
        "text": "A-73",
        "external": "<?xml version=\"1.0\"?><ScheduleFenceData xmlns:xsd=\"http://www.w3.org/2001/XMLSchema\" xmlns:xsi=\"http://www.w3.org/2001/XMLSchema-instance\"><Priority>73</Priority><CampaignType>DNP</CampaignType><Rating>A</Rating></ScheduleFenceData>",
        "fenceType": "ClickPoints",
        "isLocked": false,
        "fill": "#006400",
        "fill-opacity": 0.38,
        "stroke": "#006400"
      },
      "geometry": {
        "type": "Polygon",
        "coordinates": [
          [[-79.36712, 43.88626], [-79.35983, 43.88769], [-79.37141, 43.91409], [-79.37418, 43.91346], [-79.37212, 43.90412], [-79.3715, 43.90432], [-79.36712, 43.88626]]
        ]
      }
    },
    {
      "type": "Feature",
      "properties": {
        "id": "fence173",
        "guid": "9ced54d6-0765-4128-bba6-4b943dbd0a0b",
        "text": "A-122",
        "external": "<?xml version=\"1.0\"?><ScheduleFenceData xmlns:xsd=\"http://www.w3.org/2001/XMLSchema\" xmlns:xsi=\"http://www.w3.org/2001/XMLSchema-instance\"><Priority>122</Priority><Notes>8% new builds</Notes><CampaignType>DNP</CampaignType><Rating>A</Rating></ScheduleFenceData>",
        "fenceType": "ClickPoints",
        "isLocked": false,
        "fill": "#006400",
        "fill-opacity": 0.38,
        "stroke": "#006400"
      },
      "geometry": {
        "type": "Polygon",
        "coordinates": [
          [[-78.89814, 43.95294], [-78.89677, 43.94896], [-78.89604, 43.94797], [-78.87669, 43.95229], [-78.8784, 43.95606], [-78.88467, 43.95872], [-78.89308, 43.95628], [-78.89256, 43.95353], [-78.89814, 43.95294]]
        ]
      }
    },
    {
      "type": "Feature",
      "properties": {
        "id": "fence174",
        "guid": "b70cb6a7-4a45-4bf5-92a6-eb4c6bb3a90d",
        "text": "A-123",
        "external": "<?xml version=\"1.0\"?><ScheduleFenceData xmlns:xsd=\"http://www.w3.org/2001/XMLSchema\" xmlns:xsi=\"http://www.w3.org/2001/XMLSchema-instance\"><Priority>123</Priority><Notes>13% new builds</Notes><CampaignType>DNP</CampaignType><Rating>A</Rating></ScheduleFenceData>",
        "fenceType": "ClickPoints",
        "isLocked": false,
        "fill": "#006400",
        "fill-opacity": 0.38,
        "stroke": "#006400"
      },
      "geometry": {
        "type": "Polygon",
        "coordinates": [
          [[-78.916, 43.94358], [-78.89617, 43.94809], [-78.89677, 43.94889], [-78.9045, 43.96669], [-78.92415, 43.96236], [-78.916, 43.94358]]
        ]
      }
    },
    {
      "type": "Feature",
      "properties": {
        "id": "fence175",
        "guid": "c608a938-bd67-4300-a4d7-789aee6b9b4b",
        "text": "A-119",
        "external": "<?xml version=\"1.0\"?><ScheduleFenceData xmlns:xsd=\"http://www.w3.org/2001/XMLSchema\" xmlns:xsi=\"http://www.w3.org/2001/XMLSchema-instance\"><Priority>119</Priority><Notes>7.2%</Notes><CampaignType>DNP</CampaignType><Rating>A</Rating></ScheduleFenceData>",
        "fenceType": "ClickPoints",
        "isLocked": false,
        "fill": "#006400",
        "fill-opacity": 0.38,
        "stroke": "#006400"
      },
      "geometry": {
        "type": "Polygon",
        "coordinates": [
          [[-78.85918, 43.93749], [-78.84939, 43.93953], [-78.85729, 43.95687], [-78.86694, 43.95461], [-78.85918, 43.93749]]
        ]
      }
    },
    {
      "type": "Feature",
      "properties": {
        "id": "fence176",
        "guid": "a2880c24-2f42-4529-a76e-cf52aa67c987",
        "text": "A-121",
        "external": "<?xml version=\"1.0\"?><ScheduleFenceData xmlns:xsd=\"http://www.w3.org/2001/XMLSchema\" xmlns:xsi=\"http://www.w3.org/2001/XMLSchema-instance\"><Priority>121</Priority><Notes>3.4%</Notes><CampaignType>DNP</CampaignType><Rating>A</Rating></ScheduleFenceData>",
        "fenceType": "ClickPoints",
        "isLocked": false,
        "fill": "#006400",
        "fill-opacity": 0.38,
        "stroke": "#006400"
      },
      "geometry": {
        "type": "Polygon",
        "coordinates": [
          [[-78.86939, 43.93517], [-78.88458, 43.95044], [-78.90132, 43.94667], [-78.89342, 43.9298], [-78.86939, 43.93517]]
        ]
      }
    },
    {
      "type": "Feature",
      "properties": {
        "id": "fence177",
        "guid": "a6dd4492-10db-49fc-90bb-7e3f2247a326",
        "text": "A-136",
        "external": "<?xml version=\"1.0\"?><ScheduleFenceData xmlns:xsd=\"http://www.w3.org/2001/XMLSchema\" xmlns:xsi=\"http://www.w3.org/2001/XMLSchema-instance\"><Priority>136</Priority><Notes>5.8%</Notes><CampaignType>DNP</CampaignType><Rating>A</Rating></ScheduleFenceData>",
        "fenceType": "ClickPoints",
        "isLocked": false,
        "fill": "#006400",
        "fill-opacity": 0.38,
        "stroke": "#006400"
      },
      "geometry": {
        "type": "Polygon",
        "coordinates": [
          [[-78.96724, 43.91323], [-78.94758, 43.9178], [-78.95471, 43.93573], [-78.97513, 43.93085], [-78.96724, 43.91323]]
        ]
      }
    },
    {
      "type": "Feature",
      "properties": {
        "id": "fence178",
        "guid": "d067225d-cf30-4933-9f29-e8d7276e2b7d",
        "text": "A-135",
        "external": "<?xml version=\"1.0\"?><ScheduleFenceData xmlns:xsd=\"http://www.w3.org/2001/XMLSchema\" xmlns:xsi=\"http://www.w3.org/2001/XMLSchema-instance\"><Priority>135</Priority><Notes>5.5%</Notes><CampaignType>DNP</CampaignType><Rating>A</Rating></ScheduleFenceData>",
        "fenceType": "ClickPoints",
        "isLocked": false,
        "fill": "#006400",
        "fill-opacity": 0.38,
        "stroke": "#006400"
      },
      "geometry": {
        "type": "Polygon",
        "coordinates": [
          [[-78.94732, 43.91787], [-78.91784, 43.92436], [-78.92269, 43.93468], [-78.95136, 43.9285], [-78.94732, 43.91787]]
        ]
      }
    },
    {
      "type": "Feature",
      "properties": {
        "id": "fence179",
        "guid": "88aa8fa8-5c1b-414e-ad39-f523144ce582",
        "text": "A-142",
        "external": "<?xml version=\"1.0\"?><ScheduleFenceData xmlns:xsd=\"http://www.w3.org/2001/XMLSchema\" xmlns:xsi=\"http://www.w3.org/2001/XMLSchema-instance\"><Priority>142</Priority><Notes>6.7%</Notes><CampaignType>DNP</CampaignType><Rating>A</Rating></ScheduleFenceData>",
        "fenceType": "ClickPoints",
        "isLocked": false,
        "fill": "#006400",
        "fill-opacity": 0.38,
        "stroke": "#006400"
      },
      "geometry": {
        "type": "Polygon",
        "coordinates": [
          [[-78.90106, 43.90853], [-78.9087, 43.92634], [-78.92793, 43.92201], [-78.92046, 43.9042], [-78.90106, 43.90853]]
        ]
      }
    },
    {
      "type": "Feature",
      "properties": {
        "id": "fence180",
        "guid": "92a2cbd4-00a7-482c-aee7-ba6421261943",
        "text": "A-150",
        "external": "<?xml version=\"1.0\"?><ScheduleFenceData xmlns:xsd=\"http://www.w3.org/2001/XMLSchema\" xmlns:xsi=\"http://www.w3.org/2001/XMLSchema-instance\"><Priority>150</Priority><Notes>6.7%</Notes><CampaignType>DNP</CampaignType><Rating>A</Rating></ScheduleFenceData>",
        "fenceType": "ClickPoints",
        "isLocked": false,
        "fill": "#006400",
        "fill-opacity": 0.38,
        "stroke": "#006400"
      },
      "geometry": {
        "type": "Polygon",
        "coordinates": [
          [[-78.91548, 43.90525], [-78.90776, 43.88787], [-78.89317, 43.89084], [-78.9011, 43.90847], [-78.91548, 43.90525]]
        ]
      }
    },
    {
      "type": "Feature",
      "properties": {
        "id": "fence181",
        "guid": "6c3e363a-e926-432c-bccb-5ab083f081a2",
        "text": "A-151",
        "external": "<?xml version=\"1.0\"?><ScheduleFenceData xmlns:xsd=\"http://www.w3.org/2001/XMLSchema\" xmlns:xsi=\"http://www.w3.org/2001/XMLSchema-instance\"><Priority>151</Priority><Notes>6.6%</Notes><CampaignType>DNP</CampaignType><Rating>A</Rating></ScheduleFenceData>",
        "fenceType": "ClickPoints",
        "isLocked": false,
        "fill": "#006400",
        "fill-opacity": 0.38,
        "stroke": "#006400"
      },
      "geometry": {
        "type": "Polygon",
        "coordinates": [
          [[-78.91557, 43.90519], [-78.93016, 43.90191], [-78.92226, 43.88447], [-78.90827, 43.88781], [-78.9081, 43.88781], [-78.91557, 43.90519]]
        ]
      }
    },
    {
      "type": "Feature",
      "properties": {
        "id": "fence182",
        "guid": "37ed1ae4-129a-459e-b05e-7f8f6481d976",
        "text": "A-124",
        "external": "<?xml version=\"1.0\"?><ScheduleFenceData xmlns:xsd=\"http://www.w3.org/2001/XMLSchema\" xmlns:xsi=\"http://www.w3.org/2001/XMLSchema-instance\"><Priority>124</Priority><Notes>4.8%</Notes><CampaignType>DNP</CampaignType><Rating>A</Rating></ScheduleFenceData>",
        "fenceType": "ClickPoints",
        "isLocked": false,
        "fill": "#006400",
        "fill-opacity": 0.38,
        "stroke": "#006400"
      },
      "geometry": {
        "type": "Polygon",
        "coordinates": [
          [[-78.95831, 43.94272], [-78.92681, 43.9505], [-78.93119, 43.95989], [-78.96269, 43.95297], [-78.95823, 43.95341], [-78.95694, 43.951], [-78.96029, 43.94902], [-78.95831, 43.94272]]
        ]
      }
    },
    {
      "type": "Feature",
      "properties": {
        "id": "fence183",
        "guid": "c6bf61ea-d507-455b-8ab1-cb05be7f1bff",
        "text": "A-139",
        "external": "<?xml version=\"1.0\"?><ScheduleFenceData xmlns:xsd=\"http://www.w3.org/2001/XMLSchema\" xmlns:xsi=\"http://www.w3.org/2001/XMLSchema-instance\"><Priority>139</Priority><Notes>6.6%</Notes><CampaignType>DNP</CampaignType><Rating>A</Rating></ScheduleFenceData>",
        "fenceType": "ClickPoints",
        "isLocked": false,
        "fill": "#006400",
        "fill-opacity": 0.38,
        "stroke": "#006400"
      },
      "geometry": {
        "type": "Polygon",
        "coordinates": [
          [[-78.98432, 43.90909], [-78.98054, 43.90111], [-78.97299, 43.89758], [-78.9687, 43.8935], [-78.95962, 43.89537], [-78.96767, 43.91304], [-78.98432, 43.90909]]
        ]
      }
    },
    {
      "type": "Feature",
      "properties": {
        "id": "fence184",
        "guid": "deafb708-c157-4445-8463-90bf8da79554",
        "text": "A-137",
        "external": "<?xml version=\"1.0\"?><ScheduleFenceData xmlns:xsd=\"http://www.w3.org/2001/XMLSchema\" xmlns:xsi=\"http://www.w3.org/2001/XMLSchema-instance\"><Priority>137</Priority><Notes>new builds</Notes><CampaignType>DNP</CampaignType><Rating>A</Rating></ScheduleFenceData>",
        "fenceType": "ClickPoints",
        "isLocked": false,
        "fill": "#006400",
        "fill-opacity": 0.38,
        "stroke": "#006400"
      },
      "geometry": {
        "type": "Polygon",
        "coordinates": [
          [[-78.98724, 43.92535], [-78.98054, 43.91026], [-78.96732, 43.91329], [-78.97428, 43.92838], [-78.98724, 43.92535]]
        ]
      }
    },
    {
      "type": "Feature",
      "properties": {
        "id": "fence185",
        "guid": "21fd9d6c-9141-4bce-bde3-12eccfb576fb",
        "text": "A-159",
        "external": "<?xml version=\"1.0\"?><ScheduleFenceData xmlns:xsd=\"http://www.w3.org/2001/XMLSchema\" xmlns:xsi=\"http://www.w3.org/2001/XMLSchema-instance\"><Priority>159</Priority><Notes>5%</Notes><CampaignType>DNP</CampaignType><Rating>A</Rating></ScheduleFenceData>",
        "fenceType": "ClickPoints",
        "isLocked": false,
        "fill": "#006400",
        "fill-opacity": 0.38,
        "stroke": "#006400"
      },
      "geometry": {
        "type": "Polygon",
        "coordinates": [
          [[-78.9941, 43.83793], [-78.9893, 43.82598], [-78.97196, 43.82542], [-78.98406, 43.85161], [-79.00294, 43.84753], [-78.9941, 43.83793]]
        ]
      }
    },
    {
      "type": "Feature",
      "properties": {
        "id": "fence186",
        "guid": "624c981e-feca-4b53-bfc6-81d5b5753e4b",
        "text": "A-160",
        "external": "<?xml version=\"1.0\"?><ScheduleFenceData xmlns:xsd=\"http://www.w3.org/2001/XMLSchema\" xmlns:xsi=\"http://www.w3.org/2001/XMLSchema-instance\"><Priority>160</Priority><Notes>5.4%</Notes><CampaignType>DNP</CampaignType><Rating>A</Rating></ScheduleFenceData>",
        "fenceType": "ClickPoints",
        "isLocked": false,
        "fill": "#006400",
        "fill-opacity": 0.38,
        "stroke": "#006400"
      },
      "geometry": {
        "type": "Polygon",
        "coordinates": [
          [[-78.99942, 43.82375], [-78.98947, 43.82586], [-78.99436, 43.83793], [-79.00311, 43.84759], [-79.00612, 43.84685], [-79.00552, 43.84517], [-79.00646, 43.84251], [-79.00629, 43.84109], [-78.99942, 43.82375]]
        ]
      }
    },
    {
      "type": "Feature",
      "properties": {
        "id": "fence187",
        "guid": "5d0032cf-b998-477c-866b-f797dccd6a05",
        "text": "A-161",
        "external": "<?xml version=\"1.0\"?><ScheduleFenceData xmlns:xsd=\"http://www.w3.org/2001/XMLSchema\" xmlns:xsi=\"http://www.w3.org/2001/XMLSchema-instance\"><Priority>161</Priority><Notes>4.8%</Notes><CampaignType>DNP</CampaignType><Rating>A</Rating></ScheduleFenceData>",
        "fenceType": "ClickPoints",
        "isLocked": false,
        "fill": "#006400",
        "fill-opacity": 0.38,
        "stroke": "#006400"
      },
      "geometry": {
        "type": "Polygon",
        "coordinates": [
          [[-79.0117, 43.81874], [-78.9996, 43.82357], [-79.00646, 43.84109], [-79.00663, 43.84282], [-79.00578, 43.84517], [-79.00629, 43.84685], [-79.01831, 43.844], [-79.01805, 43.84264], [-79.01882, 43.84072], [-79.01505, 43.83688], [-79.01505, 43.83484], [-79.01505, 43.8332], [-79.0117, 43.81874]]
        ]
      }
    },
    {
      "type": "Feature",
      "properties": {
        "id": "fence188",
        "guid": "40d16dca-581e-44d2-afbf-8b64ab68a96b",
        "text": "A-162",
        "external": "<?xml version=\"1.0\"?><ScheduleFenceData xmlns:xsd=\"http://www.w3.org/2001/XMLSchema\" xmlns:xsi=\"http://www.w3.org/2001/XMLSchema-instance\"><Priority>162</Priority><Notes>5%</Notes><CampaignType>DNP</CampaignType><Rating>A</Rating></ScheduleFenceData>",
        "fenceType": "ClickPoints",
        "isLocked": false,
        "fill": "#006400",
        "fill-opacity": 0.38,
        "stroke": "#006400"
      },
      "geometry": {
        "type": "Polygon",
        "coordinates": [
          [[-79.03152, 43.83007], [-79.03693, 43.82617], [-79.03221, 43.81397], [-79.01187, 43.81861], [-79.01522, 43.83323], [-79.01539, 43.8349], [-79.01839, 43.83521], [-79.03316, 43.83205], [-79.03152, 43.83007]]
        ]
      }
    },
    {
      "type": "Feature",
      "properties": {
        "id": "fence189",
        "guid": "a64da099-87e6-4191-9b5c-7c349bae0394",
        "text": "A-245",
        "external": "<?xml version=\"1.0\"?><ScheduleFenceData xmlns:xsd=\"http://www.w3.org/2001/XMLSchema\" xmlns:xsi=\"http://www.w3.org/2001/XMLSchema-instance\"><Priority>245</Priority><CampaignType>DNP</CampaignType><Rating>A</Rating></ScheduleFenceData>",
        "fenceType": "ClickPoints",
        "isLocked": false,
        "fill": "#006400",
        "fill-opacity": 0.38,
        "stroke": "#006400"
      },
      "geometry": {
        "type": "Polygon",
        "coordinates": [
          [[-79.1068, 43.8884], [-79.10783, 43.88985], [-79.13298, 43.88367], [-79.12954, 43.87525], [-79.09899, 43.88224], [-79.10251, 43.88954], [-79.1068, 43.8884]]
        ]
      }
    },
    {
      "type": "Feature",
      "properties": {
        "id": "fence190",
        "guid": "ec6b973f-d1d4-494f-b9a5-94b3efd9213b",
        "text": "A-246",
        "external": "<?xml version=\"1.0\"?><ScheduleFenceData xmlns:xsd=\"http://www.w3.org/2001/XMLSchema\" xmlns:xsi=\"http://www.w3.org/2001/XMLSchema-instance\"><Priority>246</Priority><Notes /><CampaignType>DNP</CampaignType><Rating>A</Rating></ScheduleFenceData>",
        "fenceType": "ClickPoints",
        "isLocked": false,
        "fill": "#006400",
        "fill-opacity": 0.38,
        "stroke": "#006400"
      },
      "geometry": {
        "type": "Polygon",
        "coordinates": [
          [[-79.0759, 43.88738], [-79.09873, 43.88237], [-79.0983, 43.87995], [-79.09221, 43.86585], [-79.07341, 43.86987], [-79.0759, 43.88738]]
        ]
      }
    },
    {
      "type": "Feature",
      "properties": {
        "id": "fence191",
        "guid": "0136ef20-0b8d-49d7-ab12-2da82aad4d8a",
        "text": "A-211",
        "external": "<?xml version=\"1.0\"?><ScheduleFenceData xmlns:xsd=\"http://www.w3.org/2001/XMLSchema\" xmlns:xsi=\"http://www.w3.org/2001/XMLSchema-instance\"><Priority>211</Priority><Notes>5.4%</Notes><CampaignType>DNP</CampaignType><Rating>A</Rating></ScheduleFenceData>",
        "fenceType": "ClickPoints",
        "isLocked": false,
        "fill": "#006400",
        "fill-opacity": 0.38,
        "stroke": "#006400"
      },
      "geometry": {
        "type": "Polygon",
        "coordinates": [
          [[-79.56659, 43.65409], [-79.56307, 43.64558], [-79.55174, 43.64812], [-79.5478, 43.63887], [-79.54007, 43.64073], [-79.54299, 43.64545], [-79.54471, 43.65185], [-79.55097, 43.6552], [-79.55252, 43.65756], [-79.56659, 43.65409]]
        ]
      }
    },
    {
      "type": "Feature",
      "properties": {
        "id": "fence191",
        "guid": "76e4ae78-82b8-4a88-8e62-75b8a8733aa5",
        "text": "B-210",
        "external": "<?xml version=\"1.0\"?><ScheduleFenceData xmlns:xsd=\"http://www.w3.org/2001/XMLSchema\" xmlns:xsi=\"http://www.w3.org/2001/XMLSchema-instance\"><Priority>210</Priority><Notes>2.4%</Notes><CampaignType>DNP</CampaignType><Rating>B</Rating></ScheduleFenceData>",
        "fenceType": "ClickPoints",
        "isLocked": false,
        "fill": "#008080",
        "fill-opacity": 0.25,
        "stroke": "#008080"
      },
      "geometry": {
        "type": "Polygon",
        "coordinates": [
          [[-79.56299, 43.64521], [-79.55647, 43.62887], [-79.54479, 43.63179], [-79.53861, 43.63775], [-79.54007, 43.64049], [-79.54814, 43.63868], [-79.55183, 43.64794], [-79.56299, 43.64521]]
        ]
      }
    },
    {
      "type": "Feature",
      "properties": {
        "id": "fence192",
        "guid": "4b845782-e3b6-4433-8207-3d8563e8d8da",
        "text": "B-218",
        "external": "<?xml version=\"1.0\"?><ScheduleFenceData xmlns:xsd=\"http://www.w3.org/2001/XMLSchema\" xmlns:xsi=\"http://www.w3.org/2001/XMLSchema-instance\"><Priority>218</Priority><CampaignType>DNP</CampaignType><Rating>B</Rating></ScheduleFenceData>",
        "fenceType": "ClickPoints",
        "isLocked": false,
        "fill": "#008080",
        "fill-opacity": 0.25,
        "stroke": "#008080"
      },
      "geometry": {
        "type": "Polygon",
        "coordinates": [
          [[-79.50359, 43.61178], [-79.51406, 43.60221], [-79.51252, 43.59892], [-79.51012, 43.59419], [-79.50153, 43.59556], [-79.49621, 43.60265], [-79.49347, 43.60376], [-79.4905, 43.60467], [-79.48712, 43.60852], [-79.48634, 43.61911], [-79.4896, 43.62023], [-79.49149, 43.62067], [-79.49467, 43.61874], [-79.49913, 43.6152], [-79.50359, 43.61178]]
        ]
      }
    },
    {
      "type": "Feature",
      "properties": {
        "id": "fence193",
        "guid": "38d5263c-7bae-4594-b84f-c998bf8b9f41",
        "text": "B-221",
        "external": "<?xml version=\"1.0\"?><ScheduleFenceData xmlns:xsd=\"http://www.w3.org/2001/XMLSchema\" xmlns:xsi=\"http://www.w3.org/2001/XMLSchema-instance\"><Priority>221</Priority><CampaignType>DNP</CampaignType><Rating>B</Rating></ScheduleFenceData>",
        "fenceType": "ClickPoints",
        "isLocked": false,
        "fill": "#008080",
        "fill-opacity": 0.25,
        "stroke": "#008080"
      },
      "geometry": {
        "type": "Polygon",
        "coordinates": [
          [[-79.51355, 43.62098], [-79.52076, 43.63775], [-79.52368, 43.64465], [-79.53218, 43.64272], [-79.53286, 43.64086], [-79.53587, 43.64005], [-79.54084, 43.63502], [-79.54479, 43.63142], [-79.55681, 43.62812], [-79.55029, 43.61421], [-79.51355, 43.62098]]
        ]
      }
    },
    {
      "type": "Feature",
      "properties": {
        "id": "fence194",
        "guid": "8566d018-be3e-4432-86eb-7eb4fb52ab6f",
        "text": "B-217",
        "external": "<?xml version=\"1.0\"?><ScheduleFenceData xmlns:xsd=\"http://www.w3.org/2001/XMLSchema\" xmlns:xsi=\"http://www.w3.org/2001/XMLSchema-instance\"><Priority>217</Priority><Notes>1.8</Notes><CampaignType>DNP</CampaignType><Rating>B</Rating></ScheduleFenceData>",
        "fenceType": "ClickPoints",
        "isLocked": false,
        "fill": "#008080",
        "fill-opacity": 0.25,
        "stroke": "#008080"
      },
      "geometry": {
        "type": "Polygon",
        "coordinates": [
          [[-79.48617, 43.61949], [-79.48342, 43.62048], [-79.47922, 43.62707], [-79.486, 43.62645], [-79.52677, 43.61781], [-79.51853, 43.59792], [-79.51303, 43.59917], [-79.51458, 43.6024], [-79.50059, 43.6147], [-79.49149, 43.62116], [-79.48617, 43.61949]]
        ]
      }
    },
    {
      "type": "Feature",
      "properties": {
        "id": "fence196",
        "guid": "5870f0c9-0096-42e2-a84b-233dd8766223",
        "text": "B-219",
        "external": "<?xml version=\"1.0\"?><ScheduleFenceData xmlns:xsd=\"http://www.w3.org/2001/XMLSchema\" xmlns:xsi=\"http://www.w3.org/2001/XMLSchema-instance\"><Priority>219</Priority><Notes>2.15</Notes><CampaignType>DNP</CampaignType><Rating>B</Rating></ScheduleFenceData>",
        "fenceType": "ClickPoints",
        "isLocked": false,
        "fill": "#008080",
        "fill-opacity": 0.25,
        "stroke": "#008080"
      },
      "geometry": {
        "type": "Polygon",
        "coordinates": [
          [[-79.54419, 43.58555], [-79.51664, 43.59108], [-79.51947, 43.59736], [-79.54102, 43.59276], [-79.54445, 43.60122], [-79.55578, 43.59879], [-79.54419, 43.58555]]
        ]
      }
    },
    {
      "type": "Feature",
      "properties": {
        "id": "fence197",
        "guid": "4a3d8b17-e080-4590-bd7b-077892db5e2c",
        "text": "A-8",
        "external": "<?xml version=\"1.0\"?><ScheduleFenceData xmlns:xsd=\"http://www.w3.org/2001/XMLSchema\" xmlns:xsi=\"http://www.w3.org/2001/XMLSchema-instance\"><Priority>8</Priority><Notes>8.6%</Notes><CampaignType>DNP</CampaignType><Rating>A</Rating></ScheduleFenceData>",
        "fenceType": "ClickPoints",
        "isLocked": false,
        "fill": "#006400",
        "fill-opacity": 0.38,
        "stroke": "#006400"
      },
      "geometry": {
        "type": "Polygon",
        "coordinates": [
          [[-79.60577, 43.81567], [-79.62354, 43.81171], [-79.61215, 43.80068], [-79.61035, 43.79904], [-79.60831, 43.79582], [-79.60024, 43.79879], [-79.5944, 43.80558], [-79.58702, 43.80728], [-79.58882, 43.81031], [-79.59024, 43.81682], [-79.59955, 43.81706], [-79.60577, 43.81567]]
        ]
      }
    },
    {
      "type": "Feature",
      "properties": {
        "id": "fence198",
        "guid": "1cca0a7e-b79b-4a13-9ffb-a1be0660187b",
        "text": "A-12",
        "external": "<?xml version=\"1.0\"?><ScheduleFenceData xmlns:xsd=\"http://www.w3.org/2001/XMLSchema\" xmlns:xsi=\"http://www.w3.org/2001/XMLSchema-instance\"><Priority>12</Priority><CampaignType>DNP</CampaignType><Rating>A</Rating></ScheduleFenceData>",
        "fenceType": "ClickPoints",
        "isLocked": false,
        "fill": "#006400",
        "fill-opacity": 0.38,
        "stroke": "#006400"
      },
      "geometry": {
        "type": "Polygon",
        "coordinates": [
          [[-79.6641, 43.84072], [-79.66006, 43.82493], [-79.65114, 43.82468], [-79.64736, 43.82536], [-79.64453, 43.82561], [-79.63483, 43.8245], [-79.63122, 43.82474], [-79.63122, 43.83428], [-79.64496, 43.83465], [-79.65079, 43.83861], [-79.65247, 43.84324], [-79.6641, 43.84072]]
        ]
      }
    },
    {
      "type": "Feature",
      "properties": {
        "id": "fence199",
        "guid": "0e0a505e-2be2-483a-9975-4194336d2abc",
        "text": "A-21",
        "external": "<?xml version=\"1.0\"?><ScheduleFenceData xmlns:xsd=\"http://www.w3.org/2001/XMLSchema\" xmlns:xsi=\"http://www.w3.org/2001/XMLSchema-instance\"><Priority>21</Priority><Notes>9.4%</Notes><CampaignType>DNP</CampaignType><Rating>A</Rating></ScheduleFenceData>",
        "fenceType": "ClickPoints",
        "isLocked": false,
        "fill": "#006400",
        "fill-opacity": 0.38,
        "stroke": "#006400"
      },
      "geometry": {
        "type": "Polygon",
        "coordinates": [
          [[-79.56475, 43.80533], [-79.55196, 43.8079], [-79.55625, 43.82604], [-79.55844, 43.82586], [-79.58234, 43.82112], [-79.58084, 43.81666], [-79.56917, 43.81926], [-79.56475, 43.80533]]
        ]
      }
    },
    {
      "type": "Feature",
      "properties": {
        "id": "fence200",
        "guid": "36bb7ea0-6184-44e7-90d2-13940a01b77f",
        "text": "A-1",
        "external": "<?xml version=\"1.0\"?><ScheduleFenceData xmlns:xsd=\"http://www.w3.org/2001/XMLSchema\" xmlns:xsi=\"http://www.w3.org/2001/XMLSchema-instance\"><Priority>1</Priority><Notes>3.7%</Notes><CampaignType>DNP</CampaignType><Rating>A</Rating></ScheduleFenceData>",
        "fenceType": "ClickPoints",
        "isLocked": false,
        "fill": "#006400",
        "fill-opacity": 0.38,
        "stroke": "#006400"
      },
      "geometry": {
        "type": "Polygon",
        "coordinates": [
          [[-79.54745, 43.7895], [-79.55183, 43.80771], [-79.56449, 43.80523], [-79.56058, 43.78665], [-79.54745, 43.7895]]
        ]
      }
    },
    {
      "type": "Feature",
      "properties": {
        "id": "fence201",
        "guid": "4240a338-2036-4fb8-8aba-6f2e3431e905",
        "text": "C-110",
        "external": "<?xml version=\"1.0\"?><ScheduleFenceData xmlns:xsd=\"http://www.w3.org/2001/XMLSchema\" xmlns:xsi=\"http://www.w3.org/2001/XMLSchema-instance\"><Priority>110</Priority><CampaignType>DNP</CampaignType><Rating>C</Rating></ScheduleFenceData>",
        "fenceType": "ClickPoints",
        "isLocked": false,
        "fill": "#FA8072",
        "fill-opacity": 0.25,
        "stroke": "#FA8072"
      },
      "geometry": {
        "type": "Polygon",
        "coordinates": [
          [[-79.05195, 43.84623], [-79.04826, 43.83762], [-79.00603, 43.84703], [-79.00878, 43.85576], [-79.05195, 43.84623]]
        ]
      }
    },
    {
      "type": "Feature",
      "properties": {
        "id": "fence202",
        "guid": "a8f5cd87-b0ed-48be-bcbc-e021b3487f7e",
        "text": "A-158",
        "external": "<?xml version=\"1.0\"?><ScheduleFenceData xmlns:xsd=\"http://www.w3.org/2001/XMLSchema\" xmlns:xsi=\"http://www.w3.org/2001/XMLSchema-instance\"><Priority>158</Priority><Notes>7%</Notes><CampaignType>DNP</CampaignType><Rating>A</Rating></ScheduleFenceData>",
        "fenceType": "ClickPoints",
        "isLocked": false,
        "fill": "#006400",
        "fill-opacity": 0.38,
        "stroke": "#006400"
      },
      "geometry": {
        "type": "Polygon",
        "coordinates": [
          [[-78.94982, 43.85911], [-78.9492, 43.85732], [-78.95052, 43.85711], [-78.95119, 43.85864], [-78.96046, 43.8569], [-78.95612, 43.84604], [-78.94773, 43.84919], [-78.94829, 43.84985], [-78.9469, 43.851], [-78.94572, 43.8502], [-78.945, 43.85108], [-78.94572, 43.85143], [-78.94474, 43.85264], [-78.94405, 43.85205], [-78.94359, 43.85106], [-78.94061, 43.85152], [-78.94466, 43.86052], [-78.94982, 43.85911]]
        ]
      }
    },
    {
      "type": "Feature",
      "properties": {
        "id": "fence203",
        "guid": "32cdf273-ff7d-459f-bdc3-0af3e2d39a52",
        "text": "A-157",
        "external": "<?xml version=\"1.0\"?><ScheduleFenceData xmlns:xsd=\"http://www.w3.org/2001/XMLSchema\" xmlns:xsi=\"http://www.w3.org/2001/XMLSchema-instance\"><Priority>157</Priority><Notes>6.1%</Notes><CampaignType>DNP</CampaignType><Rating>A</Rating></ScheduleFenceData>",
        "fenceType": "ClickPoints",
        "isLocked": false,
        "fill": "#006400",
        "fill-opacity": 0.38,
        "stroke": "#006400"
      },
      "geometry": {
        "type": "Polygon",
        "coordinates": [
          [[-78.96479, 43.8747], [-78.9632, 43.86662], [-78.95668, 43.86739], [-78.93651, 43.86634], [-78.942, 43.87977], [-78.96479, 43.8747]]
        ]
      }
    },
    {
      "type": "Feature",
      "properties": {
        "id": "fence204",
        "guid": "7d5ca52d-c9b8-418f-a502-6b731ada8f7c",
        "text": "A-156",
        "external": "<?xml version=\"1.0\"?><ScheduleFenceData xmlns:xsd=\"http://www.w3.org/2001/XMLSchema\" xmlns:xsi=\"http://www.w3.org/2001/XMLSchema-instance\"><Priority>156</Priority><Notes>4.7%</Notes><CampaignType>DNP</CampaignType><Rating>A</Rating></ScheduleFenceData>",
        "fenceType": "ClickPoints",
        "isLocked": false,
        "fill": "#006400",
        "fill-opacity": 0.38,
        "stroke": "#006400"
      },
      "geometry": {
        "type": "Polygon",
        "coordinates": [
          [[-78.91471, 43.86715], [-78.92235, 43.88416], [-78.94183, 43.87989], [-78.93625, 43.86628], [-78.92149, 43.86554], [-78.91471, 43.86715]]
        ]
      }
    },
    {
      "type": "Feature",
      "properties": {
        "id": "fence205",
        "guid": "05cc8302-e6d0-4fde-8e32-5ca27ba61030",
        "text": "A-155",
        "external": "<?xml version=\"1.0\"?><ScheduleFenceData xmlns:xsd=\"http://www.w3.org/2001/XMLSchema\" xmlns:xsi=\"http://www.w3.org/2001/XMLSchema-instance\"><Priority>155</Priority><Notes>4%</Notes><CampaignType>DNP</CampaignType><Rating>A</Rating></ScheduleFenceData>",
        "fenceType": "ClickPoints",
        "isLocked": false,
        "fill": "#006400",
        "fill-opacity": 0.38,
        "stroke": "#006400"
      },
      "geometry": {
        "type": "Polygon",
        "coordinates": [
          [[-78.88544, 43.87383], [-78.89308, 43.89078], [-78.92218, 43.88428], [-78.91454, 43.86721], [-78.88544, 43.87383]]
        ]
      }
    },
    {
      "type": "Feature",
      "properties": {
        "id": "fence206",
        "guid": "336ac9ed-c254-4abd-853b-87322b614241",
        "text": "B-148",
        "external": "<?xml version=\"1.0\"?><ScheduleFenceData xmlns:xsd=\"http://www.w3.org/2001/XMLSchema\" xmlns:xsi=\"http://www.w3.org/2001/XMLSchema-instance\"><Priority>148</Priority><CampaignType>DNP</CampaignType><Rating>B</Rating></ScheduleFenceData>",
        "fenceType": "ClickPoints",
        "isLocked": false,
        "fill": "#008080",
        "fill-opacity": 0.25,
        "stroke": "#008080"
      },
      "geometry": {
        "type": "Polygon",
        "coordinates": [
          [[-78.85634, 43.88156], [-78.86407, 43.89857], [-78.88501, 43.89362], [-78.88681, 43.89214], [-78.89265, 43.89084], [-78.88518, 43.87377], [-78.85634, 43.88156]]
        ]
      }
    },
    {
      "type": "Feature",
      "properties": {
        "id": "fence207",
        "guid": "208c3d42-23d3-40ba-a850-8ed8e19939c4",
        "text": "B-146",
        "external": "<?xml version=\"1.0\"?><ScheduleFenceData xmlns:xsd=\"http://www.w3.org/2001/XMLSchema\" xmlns:xsi=\"http://www.w3.org/2001/XMLSchema-instance\"><Priority>146</Priority><CampaignType>DNP</CampaignType><Rating>B</Rating></ScheduleFenceData>",
        "fenceType": "ClickPoints",
        "isLocked": false,
        "fill": "#008080",
        "fill-opacity": 0.25,
        "stroke": "#008080"
      },
      "geometry": {
        "type": "Polygon",
        "coordinates": [
          [[-78.8269, 43.88713], [-78.83429, 43.9042], [-78.86338, 43.89764], [-78.85617, 43.8815], [-78.8269, 43.88713]]
        ]
      }
    },
    {
      "type": "Feature",
      "properties": {
        "id": "fence208",
        "guid": "400a8dbf-356c-4c92-89cc-ce43ff18e049",
        "text": "B-147",
        "external": "<?xml version=\"1.0\"?><ScheduleFenceData xmlns:xsd=\"http://www.w3.org/2001/XMLSchema\" xmlns:xsi=\"http://www.w3.org/2001/XMLSchema-instance\"><Priority>147</Priority><Notes>2.4%</Notes><CampaignType>DNP</CampaignType><Rating>B</Rating></ScheduleFenceData>",
        "fenceType": "ClickPoints",
        "isLocked": false,
        "fill": "#008080",
        "fill-opacity": 0.25,
        "stroke": "#008080"
      },
      "geometry": {
        "type": "Polygon",
        "coordinates": [
          [[-78.86553, 43.85198], [-78.81154, 43.85793], [-78.83489, 43.86826], [-78.84725, 43.87513], [-78.85463, 43.86888], [-78.86742, 43.8557], [-78.86553, 43.85198]]
        ]
      }
    },
    {
      "type": "Feature",
      "properties": {
        "id": "fence209",
        "guid": "f8c21c93-bd5e-44bf-8ff6-37afcb07d4df",
        "text": "C-109",
        "external": "<?xml version=\"1.0\"?><ScheduleFenceData xmlns:xsd=\"http://www.w3.org/2001/XMLSchema\" xmlns:xsi=\"http://www.w3.org/2001/XMLSchema-instance\"><Priority>109</Priority><CampaignType>DNP</CampaignType><Rating>C</Rating></ScheduleFenceData>",
        "fenceType": "ClickPoints",
        "isLocked": false,
        "fill": "#FA8072",
        "fill-opacity": 0.25,
        "stroke": "#FA8072"
      },
      "geometry": {
        "type": "Polygon",
        "coordinates": [
          [[-79.07444, 43.84994], [-79.07006, 43.83905], [-79.05264, 43.84635], [-79.05556, 43.85427], [-79.07444, 43.84994]]
        ]
      }
    },
    {
      "type": "Feature",
      "properties": {
        "id": "fence210",
        "guid": "e414dfff-32c3-40b8-82aa-0f5de5454edc",
        "text": "A-235",
        "external": "<?xml version=\"1.0\"?><ScheduleFenceData xmlns:xsd=\"http://www.w3.org/2001/XMLSchema\" xmlns:xsi=\"http://www.w3.org/2001/XMLSchema-instance\"><Priority>235</Priority><Notes>7%</Notes><CampaignType>DNP</CampaignType><Rating>A</Rating></ScheduleFenceData>",
        "fenceType": "ClickPoints",
        "isLocked": false,
        "fill": "#006400",
        "fill-opacity": 0.38,
        "stroke": "#006400"
      },
      "geometry": {
        "type": "Polygon",
        "coordinates": [
          [[-79.17006, 43.85495], [-79.16216, 43.83193], [-79.13589, 43.83725], [-79.13624, 43.87302], [-79.15186, 43.85978], [-79.17006, 43.85495]]
        ]
      }
    },
    {
      "type": "Feature",
      "properties": {
        "id": "fence211",
        "guid": "c4b3b068-04f8-42ce-9956-7933807ff748",
        "text": "B-253",
        "external": "<?xml version=\"1.0\"?><ScheduleFenceData xmlns:xsd=\"http://www.w3.org/2001/XMLSchema\" xmlns:xsi=\"http://www.w3.org/2001/XMLSchema-instance\"><Priority>253</Priority><CampaignType>DNP</CampaignType><Rating>B</Rating></ScheduleFenceData>",
        "fenceType": "ClickPoints",
        "isLocked": false,
        "fill": "#008080",
        "fill-opacity": 0.25,
        "stroke": "#008080"
      },
      "geometry": {
        "type": "Polygon",
        "coordinates": [
          [[-79.28095, 43.85632], [-79.27516, 43.83186], [-79.23297, 43.8414], [-79.23288, 43.84827], [-79.26687, 43.85966], [-79.28095, 43.85632]]
        ]
      }
    },
    {
      "type": "Feature",
      "properties": {
        "id": "fence212",
        "guid": "6747a2e3-0bbc-491b-8730-d201d4bfdf55",
        "text": "A-72",
        "external": "<?xml version=\"1.0\"?><ScheduleFenceData xmlns:xsd=\"http://www.w3.org/2001/XMLSchema\" xmlns:xsi=\"http://www.w3.org/2001/XMLSchema-instance\"><Priority>72</Priority><Notes>3.5%</Notes><CampaignType>DNP</CampaignType><Rating>A</Rating></ScheduleFenceData>",
        "fenceType": "ClickPoints",
        "isLocked": false,
        "fill": "#006400",
        "fill-opacity": 0.38,
        "stroke": "#006400"
      },
      "geometry": {
        "type": "Polygon",
        "coordinates": [
          [[-79.37472, 43.88441], [-79.37202, 43.87613], [-79.36935, 43.8765], [-79.36912, 43.87471], [-79.36472, 43.87527], [-79.36463, 43.87677], [-79.36236, 43.8772], [-79.35948, 43.87711], [-79.35828, 43.87627], [-79.36412, 43.87265], [-79.36309, 43.86789], [-79.33846, 43.87315], [-79.34052, 43.88076], [-79.34249, 43.88002], [-79.34897, 43.88203], [-79.3539, 43.88404], [-79.36549, 43.88094], [-79.36601, 43.88629], [-79.37472, 43.88441]]
        ]
      }
    },
    {
      "type": "Feature",
      "properties": {
        "id": "fence213",
        "guid": "0e48e0ba-9253-4d1b-8e91-b6055200ad16",
        "text": "B-71",
        "external": "<?xml version=\"1.0\"?><ScheduleFenceData xmlns:xsd=\"http://www.w3.org/2001/XMLSchema\" xmlns:xsi=\"http://www.w3.org/2001/XMLSchema-instance\"><Priority>71</Priority><Notes>2.3%</Notes><CampaignType>DNP</CampaignType><Rating>B</Rating></ScheduleFenceData>",
        "fenceType": "ClickPoints",
        "isLocked": false,
        "fill": "#008080",
        "fill-opacity": 0.25,
        "stroke": "#008080"
      },
      "geometry": {
        "type": "Polygon",
        "coordinates": [
          [[-79.37073, 43.84691], [-79.33399, 43.8552], [-79.33846, 43.8729], [-79.37571, 43.86498], [-79.37073, 43.84691]]
        ]
      }
    },
    {
      "type": "Feature",
      "properties": {
        "id": "fence214",
        "guid": "8f4b414e-6494-4903-8304-953e58389bf5",
        "text": "B-77",
        "external": "<?xml version=\"1.0\"?><ScheduleFenceData xmlns:xsd=\"http://www.w3.org/2001/XMLSchema\" xmlns:xsi=\"http://www.w3.org/2001/XMLSchema-instance\"><Priority>77</Priority><Notes>4%</Notes><CampaignType>DNP</CampaignType><Rating>B</Rating></ScheduleFenceData>",
        "fenceType": "ClickPoints",
        "isLocked": false,
        "fill": "#008080",
        "fill-opacity": 0.25,
        "stroke": "#008080"
      },
      "geometry": {
        "type": "Polygon",
        "coordinates": [
          [[-79.32846, 43.87061], [-79.31738, 43.87222], [-79.31408, 43.87921], [-79.33846, 43.87414], [-79.33494, 43.85975], [-79.33384, 43.85588], [-79.32891, 43.85788], [-79.32552, 43.86074], [-79.32846, 43.87061]]
        ]
      }
    },
    {
      "type": "Feature",
      "properties": {
        "id": "fence215",
        "guid": "8755f755-c0bd-4507-9226-010aecc7925c",
        "text": "B-78",
        "external": "<?xml version=\"1.0\"?><ScheduleFenceData xmlns:xsd=\"http://www.w3.org/2001/XMLSchema\" xmlns:xsi=\"http://www.w3.org/2001/XMLSchema-instance\"><Priority>78</Priority><CampaignType>DNP</CampaignType><Rating>B</Rating></ScheduleFenceData>",
        "fenceType": "ClickPoints",
        "isLocked": false,
        "fill": "#008080",
        "fill-opacity": 0.25,
        "stroke": "#008080"
      },
      "geometry": {
        "type": "Polygon",
        "coordinates": [
          [[-79.25812, 43.86436], [-79.26447, 43.89097], [-79.28893, 43.88517], [-79.28061, 43.85644], [-79.25812, 43.86436]]
        ]
      }
    },
    {
      "type": "Feature",
      "properties": {
        "id": "fence216",
        "guid": "9c40a745-0361-4e84-8bf5-bda158232a5a",
        "text": "B-87",
        "external": "<?xml version=\"1.0\"?><ScheduleFenceData xmlns:xsd=\"http://www.w3.org/2001/XMLSchema\" xmlns:xsi=\"http://www.w3.org/2001/XMLSchema-instance\"><Priority>87</Priority><CampaignType>DNP</CampaignType><Rating>B</Rating></ScheduleFenceData>",
        "fenceType": "ClickPoints",
        "isLocked": false,
        "fill": "#008080",
        "fill-opacity": 0.25,
        "stroke": "#008080"
      },
      "geometry": {
        "type": "Polygon",
        "coordinates": [
          [[-79.25752, 43.86387], [-79.23366, 43.87092], [-79.21357, 43.875], [-79.21443, 43.88237], [-79.2316, 43.87828], [-79.23786, 43.87903], [-79.25992, 43.87383], [-79.25752, 43.86387]]
        ]
      }
    },
    {
      "type": "Feature",
      "properties": {
        "id": "fence217",
        "guid": "e5195521-2ff4-4975-92e4-17e0c8d16c67",
        "text": "C-59",
        "external": "<?xml version=\"1.0\"?><ScheduleFenceData xmlns:xsd=\"http://www.w3.org/2001/XMLSchema\" xmlns:xsi=\"http://www.w3.org/2001/XMLSchema-instance\"><Priority>59</Priority><CampaignType>DNP</CampaignType><Rating>C</Rating></ScheduleFenceData>",
        "fenceType": "ClickPoints",
        "isLocked": false,
        "fill": "#FA8072",
        "fill-opacity": 0.25,
        "stroke": "#FA8072"
      },
      "geometry": {
        "type": "Polygon",
        "coordinates": [
          [[-79.36867, 43.83886], [-79.37622, 43.8651], [-79.4327, 43.85322], [-79.42841, 43.8344], [-79.41982, 43.83849], [-79.40489, 43.83936], [-79.3951, 43.837], [-79.38051, 43.83676], [-79.36867, 43.83886]]
        ]
      }
    },
    {
      "type": "Feature",
      "properties": {
        "id": "fence218",
        "guid": "ff401948-68ae-4b50-beb8-c1fed7c48233",
        "text": "C-53",
        "external": "<?xml version=\"1.0\"?><ScheduleFenceData xmlns:xsd=\"http://www.w3.org/2001/XMLSchema\" xmlns:xsi=\"http://www.w3.org/2001/XMLSchema-instance\"><Priority>53</Priority><CampaignType>DNP</CampaignType><Rating>C</Rating></ScheduleFenceData>",
        "fenceType": "ClickPoints",
        "isLocked": false,
        "fill": "#FA8072",
        "fill-opacity": 0.25,
        "stroke": "#FA8072"
      },
      "geometry": {
        "type": "Polygon",
        "coordinates": [
          [[-79.38704, 43.86325], [-79.39133, 43.8802], [-79.41484, 43.87488], [-79.41502, 43.87575], [-79.44815, 43.86869], [-79.44763, 43.86807], [-79.44471, 43.86758], [-79.44454, 43.86597], [-79.4466, 43.86436], [-79.44437, 43.85755], [-79.4418, 43.85557], [-79.44317, 43.85384], [-79.44523, 43.85236], [-79.44523, 43.85087], [-79.38704, 43.86325]]
        ]
      }
    },
    {
      "type": "Feature",
      "properties": {
        "id": "fence221",
        "guid": "3e00a649-e906-40a9-8353-976c64903691",
        "text": "A-11",
        "external": "<?xml version=\"1.0\"?><ScheduleFenceData xmlns:xsd=\"http://www.w3.org/2001/XMLSchema\" xmlns:xsi=\"http://www.w3.org/2001/XMLSchema-instance\"><Priority>11</Priority><Notes>13%</Notes><CampaignType>DNP</CampaignType><Rating>A</Rating></ScheduleFenceData>",
        "fenceType": "ClickPoints",
        "isLocked": false,
        "fill": "#006400",
        "fill-opacity": 0.38,
        "stroke": "#006400"
      },
      "geometry": {
        "type": "Polygon",
        "coordinates": [
          [[-79.63191, 43.8409], [-79.62959, 43.8219], [-79.61989, 43.83162], [-79.61775, 43.83267], [-79.612, 43.83403], [-79.61732, 43.84499], [-79.63191, 43.8409]]
        ]
      }
    },
    {
      "type": "Feature",
      "properties": {
        "id": "fence220",
        "guid": "d8572d62-f367-444b-84d3-89178c9738c2",
        "text": "B-282",
        "external": "<?xml version=\"1.0\"?><ScheduleFenceData xmlns:xsd=\"http://www.w3.org/2001/XMLSchema\" xmlns:xsi=\"http://www.w3.org/2001/XMLSchema-instance\"><Priority>282</Priority><CampaignType>DNP</CampaignType><Rating>B</Rating></ScheduleFenceData>",
        "fenceType": "ClickPoints",
        "isLocked": false,
        "fill": "#008080",
        "fill-opacity": 0.25,
        "stroke": "#008080"
      },
      "geometry": {
        "type": "Polygon",
        "coordinates": [
          [[-79.10697, 43.90451], [-79.11856, 43.90222], [-79.11392, 43.88861], [-79.10774, 43.89019], [-79.1068, 43.88844], [-79.1003, 43.89022], [-79.09513, 43.89307], [-79.10019, 43.90445], [-79.10165, 43.90519], [-79.10697, 43.90451]]
        ]
      }
    },
    {
      "type": "Feature",
      "properties": {
        "id": "fence221",
        "guid": "2a01bab2-ae3c-4158-baa3-e5f8e7190e7a",
        "text": "A-13",
        "external": "<?xml version=\"1.0\"?><ScheduleFenceData xmlns:xsd=\"http://www.w3.org/2001/XMLSchema\" xmlns:xsi=\"http://www.w3.org/2001/XMLSchema-instance\"><Priority>13</Priority><Notes>new</Notes><CampaignType>DNP</CampaignType><Rating>A</Rating></ScheduleFenceData>",
        "fenceType": "ClickPoints",
        "isLocked": false,
        "fill": "#006400",
        "fill-opacity": 0.38,
        "stroke": "#006400"
      },
      "geometry": {
        "type": "Polygon",
        "coordinates": [
          [[-79.62762, 43.85759], [-79.64097, 43.85458], [-79.63856, 43.85099], [-79.63556, 43.84295], [-79.62989, 43.84586], [-79.62564, 43.84771], [-79.62762, 43.85759]]
        ]
      }
    },
    {
      "type": "Feature",
      "properties": {
        "id": "fence222",
        "guid": "9bf13f5d-7e67-4c7a-956c-ea0a84818ec5",
        "text": "A-15",
        "external": "<?xml version=\"1.0\"?><ScheduleFenceData xmlns:xsd=\"http://www.w3.org/2001/XMLSchema\" xmlns:xsi=\"http://www.w3.org/2001/XMLSchema-instance\"><Priority>15</Priority><Notes>new</Notes><CampaignType>DNP</CampaignType><Rating>A</Rating></ScheduleFenceData>",
        "fenceType": "ClickPoints",
        "isLocked": false,
        "fill": "#006400",
        "fill-opacity": 0.38,
        "stroke": "#006400"
      },
      "geometry": {
        "type": "Polygon",
        "coordinates": [
          [[-79.61788, 43.86684], [-79.62758, 43.86551], [-79.62444, 43.85319], [-79.61492, 43.85474], [-79.61788, 43.86684]]
        ]
      }
    },
    {
      "type": "Feature",
      "properties": {
        "id": "fence223",
        "guid": "8f21948d-4ea0-4c00-9e8e-94036f233fca",
        "text": "A-14",
        "external": "<?xml version=\"1.0\"?><ScheduleFenceData xmlns:xsd=\"http://www.w3.org/2001/XMLSchema\" xmlns:xsi=\"http://www.w3.org/2001/XMLSchema-instance\"><Priority>14</Priority><Notes>new</Notes><CampaignType>DNP</CampaignType><Rating>A</Rating></ScheduleFenceData>",
        "fenceType": "ClickPoints",
        "isLocked": false,
        "fill": "#006400",
        "fill-opacity": 0.38,
        "stroke": "#006400"
      },
      "geometry": {
        "type": "Polygon",
        "coordinates": [
          [[-79.64388, 43.86408], [-79.65015, 43.86244], [-79.64822, 43.85542], [-79.64174, 43.85613], [-79.64388, 43.86408]]
        ]
      }
    },
    {
      "type": "Feature",
      "properties": {
        "id": "fence225",
        "guid": "4e8b54a8-b052-4651-bc6f-82f83df44b8f",
        "text": "A-16",
        "external": "<?xml version=\"1.0\"?><ScheduleFenceData xmlns:xsd=\"http://www.w3.org/2001/XMLSchema\" xmlns:xsi=\"http://www.w3.org/2001/XMLSchema-instance\"><Priority>16</Priority><Notes>new builds</Notes><CampaignType>DNP</CampaignType><Rating>A</Rating></ScheduleFenceData>",
        "fenceType": "ClickPoints",
        "isLocked": false,
        "fill": "#006400",
        "fill-opacity": 0.38,
        "stroke": "#006400"
      },
      "geometry": {
        "type": "Polygon",
        "coordinates": [
          [[-79.60333, 43.85514], [-79.6005, 43.84146], [-79.58342, 43.84536], [-79.58633, 43.85898], [-79.60333, 43.85514]]
        ]
      }
    },
    {
      "type": "Feature",
      "properties": {
        "id": "fence227",
        "guid": "9baed014-6143-4e1e-bbe2-4ffca0a1c9f8",
        "text": "A-118",
        "external": "<?xml version=\"1.0\"?><ScheduleFenceData xmlns:xsd=\"http://www.w3.org/2001/XMLSchema\" xmlns:xsi=\"http://www.w3.org/2001/XMLSchema-instance\"><Priority>118</Priority><Notes>new builds (some towns)</Notes><CampaignType>DNP</CampaignType><Rating>A</Rating></ScheduleFenceData>",
        "fenceType": "ClickPoints",
        "isLocked": false,
        "fill": "#006400",
        "fill-opacity": 0.38,
        "stroke": "#006400"
      },
      "geometry": {
        "type": "Polygon",
        "coordinates": [
          [[-78.87076, 43.97024], [-78.86454, 43.95523], [-78.85725, 43.9569], [-78.84898, 43.95877], [-78.8557, 43.97339], [-78.87076, 43.97024]]
        ]
      }
    },
    {
      "type": "Feature",
      "properties": {
        "id": "fence228",
        "guid": "9b06d78a-6c1f-472c-8150-76680285e7bf",
        "text": "?-?",
        "external": "<?xml version=\"1.0\"?><ScheduleFenceData xmlns:xsd=\"http://www.w3.org/2001/XMLSchema\" xmlns:xsi=\"http://www.w3.org/2001/XMLSchema-instance\"><Priority>-1</Priority><CampaignType>DNP</CampaignType><Rating>-</Rating></ScheduleFenceData>",
        "fenceType": "ClickPoints",
        "isLocked": false,
        "fill": "#4169E1",
        "fill-opacity": 0.25,
        "stroke": "#00008B"
      },
      "geometry": {
        "type": "Polygon",
        "coordinates": [
          [[-79.40515, 43.94874], [-79.40523, 43.94933], [-79.416, 43.94732], [-79.41412, 43.93672], [-79.40326, 43.93833], [-79.40304, 43.94024], [-79.40515, 43.94874]]
        ]
      }
    },
    {
      "type": "Feature",
      "properties": {
        "id": "fence229",
        "guid": "10ee4de2-1b71-4aa1-be28-baf2ac2056dd",
        "text": "A-17",
        "external": "<?xml version=\"1.0\"?><ScheduleFenceData xmlns:xsd=\"http://www.w3.org/2001/XMLSchema\" xmlns:xsi=\"http://www.w3.org/2001/XMLSchema-instance\"><Priority>17</Priority><Notes>4.4%</Notes><CampaignType>DNP</CampaignType><Rating>A</Rating></ScheduleFenceData>",
        "fenceType": "ClickPoints",
        "isLocked": false,
        "fill": "#006400",
        "fill-opacity": 0.38,
        "stroke": "#006400"
      },
      "geometry": {
        "type": "Polygon",
        "coordinates": [
          [[-79.56024, 43.84487], [-79.54861, 43.84694], [-79.55342, 43.86514], [-79.56466, 43.86315], [-79.56024, 43.84487]]
        ]
      }
    },
    {
      "type": "Feature",
      "properties": {
        "id": "fence230",
        "guid": "4b531266-5529-4d05-9d09-bbebb967fdd9",
        "text": "A-31",
        "external": "<?xml version=\"1.0\"?><ScheduleFenceData xmlns:xsd=\"http://www.w3.org/2001/XMLSchema\" xmlns:xsi=\"http://www.w3.org/2001/XMLSchema-instance\"><Priority>31</Priority><Notes>3.8%</Notes><CampaignType>DNP</CampaignType><Rating>A</Rating></ScheduleFenceData>",
        "fenceType": "ClickPoints",
        "isLocked": false,
        "fill": "#006400",
        "fill-opacity": 0.38,
        "stroke": "#006400"
      },
      "geometry": {
        "type": "Polygon",
        "coordinates": [
          [[-79.51621, 43.87358], [-79.50316, 43.87692], [-79.51261, 43.90531], [-79.51303, 43.91317], [-79.52454, 43.91001], [-79.51621, 43.87358]]
        ]
      }
    },
    {
      "type": "Feature",
      "properties": {
        "id": "fence231",
        "guid": "3407f029-a977-4b81-a332-b3ab33308e26",
        "text": "D-?",
        "external": "<?xml version=\"1.0\"?><ScheduleFenceData xmlns:xsd=\"http://www.w3.org/2001/XMLSchema\" xmlns:xsi=\"http://www.w3.org/2001/XMLSchema-instance\"><Priority>-1</Priority><CampaignType>DNP</CampaignType><Rating>D</Rating></ScheduleFenceData>",
        "fenceType": "ClickPoints",
        "isLocked": false,
        "fill": "#8B0000",
        "fill-opacity": 0.25,
        "stroke": "#8B0000"
      },
      "geometry": {
        "type": "Polygon",
        "coordinates": [
          [[-79.47115, 43.79111], [-79.47008, 43.78696], [-79.44557, 43.79253], [-79.44643, 43.79641], [-79.47115, 43.79111]]
        ]
      }
    },
    {
      "type": "Feature",
      "properties": {
        "id": "fence232",
        "guid": "9cae700d-56e9-42f7-83c5-b0702c00e170",
        "text": "?-?",
        "external": "<?xml version=\"1.0\"?><ScheduleFenceData xmlns:xsd=\"http://www.w3.org/2001/XMLSchema\" xmlns:xsi=\"http://www.w3.org/2001/XMLSchema-instance\"><Priority>-1</Priority><CampaignType>DNP</CampaignType><Rating>-</Rating></ScheduleFenceData>",
        "fenceType": "ClickPoints",
        "isLocked": false,
        "fill": "#4169E1",
        "fill-opacity": 0.25,
        "stroke": "#00008B"
      },
      "geometry": {
        "type": "Polygon",
        "coordinates": [
          [[-79.37429, 43.91341], [-79.38609, 43.91144], [-79.37905, 43.88373], [-79.36719, 43.88626], [-79.37171, 43.90411], [-79.37227, 43.90389], [-79.37412, 43.91252], [-79.37429, 43.91341]]
        ]
      }
    },
    {
      "type": "Feature",
      "properties": {
        "id": "fence233",
        "guid": "447f7114-9df0-4b1e-95c2-4416276ac713",
        "text": "B-?",
        "external": "<?xml version=\"1.0\"?><ScheduleFenceData xmlns:xsd=\"http://www.w3.org/2001/XMLSchema\" xmlns:xsi=\"http://www.w3.org/2001/XMLSchema-instance\"><Priority>-1</Priority><CampaignType>DNP</CampaignType><Rating>B</Rating></ScheduleFenceData>",
        "fenceType": "ClickPoints",
        "isLocked": false,
        "fill": "#008080",
        "fill-opacity": 0.25,
        "stroke": "#008080"
      },
      "geometry": {
        "type": "Polygon",
        "coordinates": [
          [[-78.68421, 43.91932], [-78.68709, 43.91889], [-78.69211, 43.9132], [-78.68168, 43.91045], [-78.68052, 43.91069], [-78.68421, 43.91932]]
        ]
      }
    },
    {
      "type": "Feature",
      "properties": {
        "id": "fence235",
        "guid": "19d8db76-c6a8-4c55-8f46-1b2c7b2416d5",
        "text": "B-?",
        "external": "<?xml version=\"1.0\"?><ScheduleFenceData xmlns:xsd=\"http://www.w3.org/2001/XMLSchema\" xmlns:xsi=\"http://www.w3.org/2001/XMLSchema-instance\"><Priority>-1</Priority><Notes>2%</Notes><CampaignType>DNP</CampaignType><Rating>B</Rating></ScheduleFenceData>",
        "fenceType": "ClickPoints",
        "isLocked": false,
        "fill": "#008080",
        "fill-opacity": 0.25,
        "stroke": "#008080"
      },
      "geometry": {
        "type": "Polygon",
        "coordinates": [
          [[-78.85154, 43.91957], [-78.86132, 43.91712], [-78.85596, 43.90466], [-78.84592, 43.9068], [-78.85154, 43.91957]]
        ]
      }
    },
    {
      "type": "Feature",
      "properties": {
        "id": "fence236",
        "guid": "088beb2a-c1cc-4653-a7b3-dc00155fae6d",
        "text": "A-140",
        "external": "<?xml version=\"1.0\"?><ScheduleFenceData xmlns:xsd=\"http://www.w3.org/2001/XMLSchema\" xmlns:xsi=\"http://www.w3.org/2001/XMLSchema-instance\"><Priority>140</Priority><Notes>4.8%</Notes><CampaignType>DNP</CampaignType><Rating>A</Rating></ScheduleFenceData>",
        "fenceType": "ClickPoints",
        "isLocked": false,
        "fill": "#006400",
        "fill-opacity": 0.38,
        "stroke": "#006400"
      },
      "geometry": {
        "type": "Polygon",
        "coordinates": [
          [[-78.95758, 43.91533], [-78.96737, 43.91304], [-78.9596, 43.89537], [-78.95016, 43.89761], [-78.95758, 43.91533]]
        ]
      }
    },
    {
      "type": "Feature",
      "properties": {
        "id": "fence237",
        "guid": "f2d5db49-00d3-4a90-a78d-dfeaf719c8f9",
        "text": "?-?",
        "external": "<?xml version=\"1.0\"?><ScheduleFenceData xmlns:xsd=\"http://www.w3.org/2001/XMLSchema\" xmlns:xsi=\"http://www.w3.org/2001/XMLSchema-instance\"><Priority>-1</Priority><CampaignType>DNP</CampaignType><Rating>-</Rating></ScheduleFenceData>",
        "fenceType": "ClickPoints",
        "isLocked": false,
        "fill": "#4169E1",
        "fill-opacity": 0.25,
        "stroke": "#00008B"
      },
      "geometry": {
        "type": "Polygon",
        "coordinates": [
          [[-79.53509, 43.72806], [-79.53518, 43.72583], [-79.53878, 43.72503], [-79.54488, 43.71926], [-79.5326, 43.71584], [-79.52127, 43.7182], [-79.52514, 43.72999], [-79.53509, 43.72806]]
        ]
      }
    },
    {
      "type": "Feature",
      "properties": {
        "id": "fence238",
        "guid": "53ee09dc-1fc5-44fd-8645-f51f5d87b443",
        "text": "?-?",
        "external": "<?xml version=\"1.0\"?><ScheduleFenceData xmlns:xsd=\"http://www.w3.org/2001/XMLSchema\" xmlns:xsi=\"http://www.w3.org/2001/XMLSchema-instance\"><Priority>-1</Priority><CampaignType>DNP</CampaignType><Rating>-</Rating></ScheduleFenceData>",
        "fenceType": "ClickPoints",
        "isLocked": false,
        "fill": "#4169E1",
        "fill-opacity": 0.25,
        "stroke": "#00008B"
      },
      "geometry": {
        "type": "Polygon",
        "coordinates": [
          [[-79.54041, 43.71721], [-79.54548, 43.71907], [-79.54479, 43.72019], [-79.55054, 43.7249], [-79.55878, 43.72304], [-79.55286, 43.71057], [-79.53861, 43.71361], [-79.54041, 43.71721]]
        ]
      }
    },
    {
      "type": "Feature",
      "properties": {
        "id": "fence239",
        "guid": "c99e524b-8d19-41a3-a586-4e0b83e9838b",
        "text": "?-?",
        "external": "<?xml version=\"1.0\"?><ScheduleFenceData xmlns:xsd=\"http://www.w3.org/2001/XMLSchema\" xmlns:xsi=\"http://www.w3.org/2001/XMLSchema-instance\"><Priority>-1</Priority><CampaignType>DNP</CampaignType><Rating>-</Rating></ScheduleFenceData>",
        "fenceType": "ClickPoints",
        "isLocked": false,
        "fill": "#4169E1",
        "fill-opacity": 0.25,
        "stroke": "#00008B"
      },
      "geometry": {
        "type": "Polygon",
        "coordinates": [
          [[-79.56479, 43.7352], [-79.56522, 43.737], [-79.5805, 43.73966], [-79.56676, 43.71187], [-79.55518, 43.71467], [-79.56479, 43.7352]]
        ]
      }
    },
    {
      "type": "Feature",
      "properties": {
        "id": "fence240",
        "guid": "c3fad992-d00f-4791-9e03-ed9e691971c8",
        "text": "?-?",
        "external": "<?xml version=\"1.0\"?><ScheduleFenceData xmlns:xsd=\"http://www.w3.org/2001/XMLSchema\" xmlns:xsi=\"http://www.w3.org/2001/XMLSchema-instance\"><Priority>-1</Priority><CampaignType>DNP</CampaignType><Rating>-</Rating></ScheduleFenceData>",
        "fenceType": "ClickPoints",
        "isLocked": false,
        "fill": "#4169E1",
        "fill-opacity": 0.25,
        "stroke": "#00008B"
      },
      "geometry": {
        "type": "Polygon",
        "coordinates": [
          [[-79.57767, 43.73358], [-79.59492, 43.72472], [-79.59114, 43.71616], [-79.57174, 43.72106], [-79.57767, 43.73358]]
        ]
      }
    },
    {
      "type": "Feature",
      "properties": {
        "id": "fence241",
        "guid": "a3d5899d-2d0a-40ba-8fef-09049a0d1c48",
        "text": "?-?",
        "external": "<?xml version=\"1.0\"?><ScheduleFenceData xmlns:xsd=\"http://www.w3.org/2001/XMLSchema\" xmlns:xsi=\"http://www.w3.org/2001/XMLSchema-instance\"><Priority>-1</Priority><CampaignType>DNP</CampaignType><Rating>-</Rating></ScheduleFenceData>",
        "fenceType": "ClickPoints",
        "isLocked": false,
        "fill": "#4169E1",
        "fill-opacity": 0.25,
        "stroke": "#00008B"
      },
      "geometry": {
        "type": "Polygon",
        "coordinates": [
          [[-79.58084, 43.73972], [-79.58917, 43.74115], [-79.58968, 43.73731], [-79.60299, 43.7342], [-79.59801, 43.72316], [-79.57784, 43.73383], [-79.58084, 43.73972]]
        ]
      }
    },
    {
      "type": "Feature",
      "properties": {
        "id": "fence242",
        "guid": "8163dfc6-4d32-408d-acbb-54f701172bd1",
        "text": "?-?",
        "external": "<?xml version=\"1.0\"?><ScheduleFenceData xmlns:xsd=\"http://www.w3.org/2001/XMLSchema\" xmlns:xsi=\"http://www.w3.org/2001/XMLSchema-instance\"><Priority>-1</Priority><CampaignType>DNP</CampaignType><Rating>-</Rating></ScheduleFenceData>",
        "fenceType": "ClickPoints",
        "isLocked": false,
        "fill": "#4169E1",
        "fill-opacity": 0.25,
        "stroke": "#00008B"
      },
      "geometry": {
        "type": "Polygon",
        "coordinates": [
          [[-79.60011, 43.77057], [-79.60028, 43.77057], [-79.5867, 43.77367], [-79.59045, 43.7798], [-79.60146, 43.77724], [-79.60011, 43.77057]]
        ]
      }
    },
    {
      "type": "Feature",
      "properties": {
        "id": "fence4",
        "guid": "9b331ac2-68bc-4157-a736-9a97b34427e3",
        "text": "B-?",
        "external": "<?xml version=\"1.0\"?><ScheduleFenceData xmlns:xsd=\"http://www.w3.org/2001/XMLSchema\" xmlns:xsi=\"http://www.w3.org/2001/XMLSchema-instance\"><Priority>-1</Priority><Notes>4.5%</Notes><CampaignType>DNP</CampaignType><Rating>B</Rating></ScheduleFenceData>",
        "fenceType": "ClickPoints",
        "isLocked": false,
        "fill": "#008080",
        "fill-opacity": 0.25,
        "stroke": "#008080"
      },
      "geometry": {
        "type": "Polygon",
        "coordinates": [
          [[-79.13289, 44.10623], [-79.13426, 44.105], [-79.13714, 44.10414], [-79.13821, 44.10506], [-79.1395, 44.10484], [-79.1374, 44.10195], [-79.14358, 44.10118], [-79.13435, 44.08592], [-79.11525, 44.09757], [-79.12023, 44.1091], [-79.13289, 44.10623]]
        ]
      }
    },
    {
      "type": "Feature",
      "properties": {
        "id": "fence5",
        "guid": "62afc9f8-1194-433e-9a31-4f74fd746d71",
        "text": "?-?",
        "external": "<?xml version=\"1.0\"?><ScheduleFenceData xmlns:xsd=\"http://www.w3.org/2001/XMLSchema\" xmlns:xsi=\"http://www.w3.org/2001/XMLSchema-instance\"><Priority>-1</Priority><CampaignType>DNP</CampaignType><Rating>-</Rating></ScheduleFenceData>",
        "fenceType": "ClickPoints",
        "isLocked": false,
        "fill": "#4169E1",
        "fill-opacity": 0.25,
        "stroke": "#00008B"
      },
      "geometry": {
        "type": "Polygon",
        "coordinates": [
          [[-79.13843, 43.97997], [-79.13894, 43.96465], [-79.12156, 43.96737], [-79.12808, 43.97867], [-79.13843, 43.97997]]
        ]
      }
    },
    {
      "type": "Feature",
      "properties": {
        "id": "fence9",
        "guid": "9ac30602-6b84-4bd3-9571-191c19a1528c",
        "text": "?-?",
        "external": "<?xml version=\"1.0\"?><ScheduleFenceData xmlns:xsd=\"http://www.w3.org/2001/XMLSchema\" xmlns:xsi=\"http://www.w3.org/2001/XMLSchema-instance\"><Priority>-1</Priority><Notes>2.6</Notes><CampaignType>DNP</CampaignType><Rating>-</Rating></ScheduleFenceData>",
        "fenceType": "ClickPoints",
        "isLocked": false,
        "fill": "#4169E1",
        "fill-opacity": 0.25,
        "stroke": "#00008B"
      },
      "geometry": {
        "type": "Polygon",
        "coordinates": [
          [[-79.21696, 43.82097], [-79.21216, 43.81954], [-79.20246, 43.81251], [-79.19683, 43.81093], [-79.19898, 43.82177], [-79.21052, 43.83044], [-79.22271, 43.82818], [-79.22057, 43.82542], [-79.21696, 43.82097]]
        ]
      }
    },
    {
      "type": "Feature",
      "properties": {
        "id": "fence8",
        "guid": "fc659130-c5c0-44d6-a329-ef9554c14e12",
        "text": "?-?",
        "external": "<?xml version=\"1.0\"?><ScheduleFenceData xmlns:xsd=\"http://www.w3.org/2001/XMLSchema\" xmlns:xsi=\"http://www.w3.org/2001/XMLSchema-instance\"><Priority>-1</Priority><Notes>3.4</Notes><CampaignType>DNP</CampaignType><Rating>-</Rating></ScheduleFenceData>",
        "fenceType": "ClickPoints",
        "isLocked": false,
        "fill": "#4169E1",
        "fill-opacity": 0.25,
        "stroke": "#00008B"
      },
      "geometry": {
        "type": "Polygon",
        "coordinates": [
          [[-79.22623, 43.8392], [-79.22615, 43.83985], [-79.23134, 43.84118], [-79.23619, 43.83951], [-79.2382, 43.83298], [-79.23881, 43.82892], [-79.23378, 43.8266], [-79.22293, 43.82899], [-79.22623, 43.8392]]
        ]
      }
    },
    {
      "type": "Feature",
      "properties": {
        "id": "fence11",
        "guid": "cf84b3ef-4957-495d-99e2-c8220759cd81",
        "text": "?-?",
        "external": "<?xml version=\"1.0\"?><ScheduleFenceData xmlns:xsd=\"http://www.w3.org/2001/XMLSchema\" xmlns:xsi=\"http://www.w3.org/2001/XMLSchema-instance\"><Priority>-1</Priority><Notes>2.1</Notes><CampaignType>DNP</CampaignType><Rating>-</Rating></ScheduleFenceData>",
        "fenceType": "ClickPoints",
        "isLocked": false,
        "fill": "#4169E1",
        "fill-opacity": 0.25,
        "stroke": "#00008B"
      },
      "geometry": {
        "type": "Polygon",
        "coordinates": [
          [[-79.22323, 43.82809], [-79.23284, 43.82595], [-79.23095, 43.82332], [-79.22297, 43.81948], [-79.21692, 43.8196], [-79.22323, 43.82809]]
        ]
      }
    },
    {
      "type": "Feature",
      "properties": {
        "id": "fence27",
        "guid": "c53c04b1-4385-49f6-a73a-2a71212dc0ed",
        "text": "B-?",
        "external": "<?xml version=\"1.0\"?><ScheduleFenceData xmlns:xsd=\"http://www.w3.org/2001/XMLSchema\" xmlns:xsi=\"http://www.w3.org/2001/XMLSchema-instance\"><Priority>-1</Priority><Notes>5.3</Notes><CampaignType>DNP</CampaignType><Rating>B</Rating></ScheduleFenceData>",
        "fenceType": "ClickPoints",
        "isLocked": false,
        "fill": "#008080",
        "fill-opacity": 0.25,
        "stroke": "#008080"
      },
      "geometry": {
        "type": "Polygon",
        "coordinates": [
          [[-79.21417, 43.79384], [-79.21297, 43.79086], [-79.20671, 43.78724], [-79.19628, 43.7943], [-79.19709, 43.79582], [-79.21417, 43.79384]]
        ]
      }
    },
    {
      "type": "Feature",
      "properties": {
        "id": "fence14",
        "guid": "dec35e53-1769-4b18-a639-e419ba5db0c1",
        "text": "A-38",
        "external": "<?xml version=\"1.0\"?><ScheduleFenceData xmlns:xsd=\"http://www.w3.org/2001/XMLSchema\" xmlns:xsi=\"http://www.w3.org/2001/XMLSchema-instance\"><Priority>38</Priority><Notes>3.6</Notes><CampaignType>DNP</CampaignType><Rating>A</Rating></ScheduleFenceData>",
        "fenceType": "ClickPoints",
        "isLocked": false,
        "fill": "#006400",
        "fill-opacity": 0.38,
        "stroke": "#006400"
      },
      "geometry": {
        "type": "Polygon",
        "coordinates": [
          [[-79.47827, 43.9264], [-79.47536, 43.91685], [-79.44883, 43.92222], [-79.45343, 43.93409], [-79.4536, 43.9391], [-79.47827, 43.9264]]
        ]
      }
    },
    {
      "type": "Feature",
      "properties": {
        "id": "fence6",
        "guid": "ba0fda11-7e2e-49bf-970d-85ad5e6644fc",
        "text": "A-39",
        "external": "<?xml version=\"1.0\"?><ScheduleFenceData xmlns:xsd=\"http://www.w3.org/2001/XMLSchema\" xmlns:xsi=\"http://www.w3.org/2001/XMLSchema-instance\"><Priority>39</Priority><Notes>3.8</Notes><CampaignType>DNP</CampaignType><Rating>A</Rating></ScheduleFenceData>",
        "fenceType": "ClickPoints",
        "isLocked": false,
        "fill": "#006400",
        "fill-opacity": 0.38,
        "stroke": "#006400"
      },
      "geometry": {
        "type": "Polygon",
        "coordinates": [
          [[-79.47527, 43.91681], [-79.47196, 43.90238], [-79.446, 43.90782], [-79.44926, 43.92213], [-79.47527, 43.91681]]
        ]
      }
    },
    {
      "type": "Feature",
      "properties": {
        "id": "fence32",
        "guid": "019582b6-45f3-476e-bd39-40e977762da5",
        "text": "?-?",
        "external": "<?xml version=\"1.0\"?><ScheduleFenceData xmlns:xsd=\"http://www.w3.org/2001/XMLSchema\" xmlns:xsi=\"http://www.w3.org/2001/XMLSchema-instance\"><Priority>-1</Priority><CampaignType>DNP</CampaignType><Rating>-</Rating></ScheduleFenceData>",
        "fenceType": "ClickPoints",
        "isLocked": false,
        "fill": "#4169E1",
        "fill-opacity": 0.25,
        "stroke": "#00008B"
      },
      "geometry": {
        "type": "Polygon",
        "coordinates": [
          [[-79.5529, 43.92698], [-79.54569, 43.90587], [-79.52436, 43.91072], [-79.52915, 43.93182], [-79.5529, 43.92698]]
        ]
      }
    }
  ]
}